[
{"hotel_name": "Hotel Saint Nicolas", "num_rooms": 118, "hotel_id": "20047", "latitude": 50.84873, "longitude": 4.3510017, "destination": "Brussels", "stars": 3},
{"hotel_name": "Thon Hotel Bristol Stephanie", "num_rooms": 142, "hotel_id": "20040", "latitude": 50.831528, "longitude": 4.3589797, "destination": "Brussels", "stars": 4},
{"hotel_name": "First Euroflat Hotel", "num_rooms": 133, "hotel_id": "20039", "latitude": 50.84486, "longitude": 4.382111, "destination": "Brussels", "stars": 4},
{"hotel_name": "The President Brussels Hotel", "num_rooms": 297, "hotel_id": "20038", "latitude": 50.86477, "longitude": 4.358973, "destination": "Brussels", "stars": 4},
{"hotel_name": "Hotel Queen Anne", "num_rooms": 60, "hotel_id": "20036", "latitude": 50.854687, "longitude": 4.354348, "destination": "Brussels", "stars": 3},
{"hotel_name": "Hotel Le Plaza Brussels", "num_rooms": 189, "hotel_id": "20023", "latitude": 50.8545, "longitude": 4.3565135, "destination": "Brussels", "stars": 5},
{"hotel_name": "Newhotel Charlemagne", "num_rooms": 68, "hotel_id": "20018", "latitude": 50.845184, "longitude": 4.3826704, "destination": "Brussels", "stars": 4},
{"hotel_name": "Hotel Le Dome", "num_rooms": 125, "hotel_id": "20011", "latitude": 50.855286, "longitude": 4.357431, "destination": "Brussels", "stars": 4},
{"hotel_name": "Jam Hotel", "num_rooms": 79, "hotel_id": "1756348", "latitude": 50.827126, "longitude": 4.3551955, "destination": "Brussels", "stars": 3},
{"hotel_name": "Vintage Hotel Brussels", "num_rooms": 29, "hotel_id": "174656", "latitude": 50.833473, "longitude": 4.3556166, "destination": "Brussels", "stars": 3},
{"hotel_name": "Catalonia Vondel Amsterdam", "num_rooms": 86, "hotel_id": "10174", "latitude": 52.36257, "longitude": 4.878113, "destination": "Amsterdam", "stars": 4},
{"hotel_name": "Apollo Hotel Amsterdam  a Tribute Portfolio Hotel", "num_rooms": 223, "hotel_id": "10130", "latitude": 52.34857, "longitude": 4.885107, "destination": "Amsterdam", "stars": 4},
{"hotel_name": "INK Hotel Amsterdam - MGallery", "num_rooms": 149, "hotel_id": "10108", "latitude": 52.375565, "longitude": 4.8928976, "destination": "Amsterdam", "stars": 4},
{"hotel_name": "Leonardo Boutique Museumhotel", "num_rooms": 188, "hotel_id": "10098", "latitude": 52.36125, "longitude": 4.8841596, "destination": "Amsterdam", "stars": 3},
{"hotel_name": "Leonardo Hotel Amsterdam City Center", "num_rooms": 102, "hotel_id": "10097", "latitude": 52.36214, "longitude": 4.878341, "destination": "Amsterdam", "stars": 3},
{"hotel_name": "Conscious Hotel Museum Square", "num_rooms": 36, "hotel_id": "10094", "latitude": 52.355415, "longitude": 4.878123, "destination": "Amsterdam", "stars": 4},
{"hotel_name": "Inntel Hotels Amsterdam Centre", "num_rooms": 239, "hotel_id": "10087", "latitude": 52.376186, "longitude": 4.894449, "destination": "Amsterdam", "stars": 4},
{"hotel_name": "Jan Luyken Hotel Amsterdam", "num_rooms": 62, "hotel_id": "10082", "latitude": 52.35976, "longitude": 4.881072, "destination": "Amsterdam", "stars": 4},
{"hotel_name": "Melia London Kensington a Melia Collection Hotel ", "num_rooms": 81, "hotel_id": "116962", "latitude": 51.49556, "longitude": -0.18293872, "destination": "London", "stars": 4},
{"hotel_name": "City Continental London Kensington ", "num_rooms": 74, "hotel_id": "110709", "latitude": 51.491, "longitude": -0.19319281, "destination": "London", "stars": 3},
{"hotel_name": "Millennium Gloucester Hotel London ", "num_rooms": 610, "hotel_id": "110699", "latitude": 51.49391, "longitude": -0.18326998, "destination": "London", "stars": 4},
{"hotel_name": "Mercure London Kensington Hotel ", "num_rooms": 82, "hotel_id": "110315", "latitude": 51.49488, "longitude": -0.1906836, "destination": "London", "stars": 4},
{"hotel_name": "Best Western Mornington Hotel Hyde Park ", "num_rooms": 70, "hotel_id": "104382", "latitude": 51.511944, "longitude": -0.17821133, "destination": "London", "stars": 4},
{"hotel_name": "Blakemore Hyde Park ", "num_rooms": 138, "hotel_id": "104375", "latitude": 51.51295, "longitude": -0.18364683, "destination": "London", "stars": 4},
{"hotel_name": "Thistle London Hyde Park Kensington Gardens ", "num_rooms": 175, "hotel_id": "104370", "latitude": 51.510918, "longitude": -0.18386409, "destination": "London", "stars": 4},
{"hotel_name": "The Westbourne Hyde Park ", "num_rooms": 96, "hotel_id": "104327", "latitude": 51.513157, "longitude": -0.17792031, "destination": "London", "stars": 4},
{"hotel_name": "Park Avenue J Hotel London Hyde Park ", "num_rooms": 27, "hotel_id": "102815", "latitude": 51.5114, "longitude": -0.18505767, "destination": "London", "stars": 4},
{"hotel_name": "NH Brussels Louise", "num_rooms": 246, "hotel_id": "20084", "latitude": 50.832943, "longitude": 4.3568745, "destination": "Brussels", "stars": 4},
{"hotel_name": "DoubleTree By Hilton Brussels City", "num_rooms": 354, "hotel_id": "20075", "latitude": 50.855305, "longitude": 4.3606014, "destination": "Brussels", "stars": 4},
{"hotel_name": "Novotel Brussels Airport", "num_rooms": 209, "hotel_id": "20073", "latitude": 50.892963, "longitude": 4.4620748, "destination": "Brussels", "stars": 3},
{"hotel_name": "NH Collection Brussels Centre", "num_rooms": 241, "hotel_id": "20072", "latitude": 50.852222, "longitude": 4.3541613, "destination": "Brussels", "stars": 4},
{"hotel_name": "Bedford Hotel & Congress Centre", "num_rooms": 326, "hotel_id": "20069", "latitude": 50.844196, "longitude": 4.347405, "destination": "Brussels", "stars": 3},
{"hotel_name": "pentahotel Brussels City Centre", "num_rooms": 202, "hotel_id": "20060", "latitude": 50.83097, "longitude": 4.3564305, "destination": "Brussels", "stars": 4},
{"hotel_name": "Gresham Belson Hotel Brussels", "num_rooms": 135, "hotel_id": "20058", "latitude": 50.85931, "longitude": 4.414054, "destination": "Brussels", "stars": 4},
{"hotel_name": "NH Brussels EU Berlaymont", "num_rooms": 212, "hotel_id": "20052", "latitude": 50.844864, "longitude": 4.3825135, "destination": "Brussels", "stars": 4},
{"hotel_name": "Hotel Indigo Brussels - City  an IHG Hotel", "num_rooms": 283, "hotel_id": "20050", "latitude": 50.855713, "longitude": 4.3596787, "destination": "Brussels", "stars": 4},
{"hotel_name": "NH Collection Amsterdam Barbizon Palace", "num_rooms": 274, "hotel_id": "10362", "latitude": 52.376457, "longitude": 4.9002457, "destination": "Amsterdam", "stars": 5},
{"hotel_name": "NH Amsterdam Centre", "num_rooms": 232, "hotel_id": "10361", "latitude": 52.363102, "longitude": 4.879509, "destination": "Amsterdam", "stars": 4},
{"hotel_name": "Mercure Hotel Amsterdam Centre Canal District", "num_rooms": 93, "hotel_id": "10345", "latitude": 52.360943, "longitude": 4.8934464, "destination": "Amsterdam", "stars": 4},
{"hotel_name": "NH Collection Amsterdam Grand Hotel Krasnapolsky", "num_rooms": 468, "hotel_id": "10340", "latitude": 52.372696, "longitude": 4.894262, "destination": "Amsterdam", "stars": 5},
{"hotel_name": "Bastion Hotel Amsterdam Amstel", "num_rooms": 192, "hotel_id": "10305", "latitude": 52.333736, "longitude": 4.927929, "destination": "Amsterdam", "stars": 3},
{"hotel_name": "De L\u2019Europe Amsterdam \u2013 The Leading Hotels of the World", "num_rooms": 111, "hotel_id": "10282", "latitude": 52.367638, "longitude": 4.894205, "destination": "Amsterdam", "stars": 5},
{"hotel_name": "Park Centraal Amsterdam", "num_rooms": 189, "hotel_id": "10274", "latitude": 52.36159, "longitude": 4.8830256, "destination": "Amsterdam", "stars": 4},
{"hotel_name": "Malmaison London ", "num_rooms": 97, "hotel_id": "177691", "latitude": 51.520943, "longitude": -0.10032669, "destination": "London", "stars": 4},
{"hotel_name": "Holiday Inn London Kensington High St.  an IHG Hotel ", "num_rooms": 708, "hotel_id": "177357", "latitude": 51.49885, "longitude": -0.19202873, "destination": "London", "stars": 4},
{"hotel_name": "H10 London Waterloo ", "num_rooms": 177, "hotel_id": "175978", "latitude": 51.49892, "longitude": -0.10621883, "destination": "London", "stars": 4},
{"hotel_name": "Intercontinental London - The O2  an IHG Hotel ", "num_rooms": 453, "hotel_id": "1497599", "latitude": 51.50289, "longitude": -0.0001419, "destination": "London", "stars": 5},
{"hotel_name": "The Beaumont Hotel ", "num_rooms": 73, "hotel_id": "1263969", "latitude": 51.513016, "longitude": -0.15229534, "destination": "London", "stars": 5},
{"hotel_name": "Copthorne Tara Hotel London Kensington ", "num_rooms": 833, "hotel_id": "123428", "latitude": 51.498806, "longitude": -0.19137025, "destination": "London", "stars": 4},
{"hotel_name": "London Bridge Hotel ", "num_rooms": 140, "hotel_id": "121913", "latitude": 51.505253, "longitude": -0.08815348, "destination": "London", "stars": 4},
{"hotel_name": "Kimpton - Fitzroy London  an IHG Hotel ", "num_rooms": 373, "hotel_id": "121638", "latitude": 51.522594, "longitude": -0.12526989, "destination": "London", "stars": 5},
{"hotel_name": "Novotel London West ", "num_rooms": 630, "hotel_id": "119875", "latitude": 51.492237, "longitude": -0.21980166, "destination": "London", "stars": 4},
{"hotel_name": "Holiday Inn Hotel Brussels Airport  an IHG Hotel", "num_rooms": 310, "hotel_id": "20156", "latitude": 50.884422, "longitude": 4.442111, "destination": "Brussels", "stars": 4},
{"hotel_name": "Sheraton Brussels Airport Hotel", "num_rooms": 294, "hotel_id": "20155", "latitude": 50.897205, "longitude": 4.4830656, "destination": "Brussels", "stars": 4},
{"hotel_name": "Ibis Brussels City Centre", "num_rooms": 236, "hotel_id": "20151", "latitude": 50.85043, "longitude": 4.3494515, "destination": "Brussels", "stars": 3},
{"hotel_name": "NH Brussels Carrefour de L\u2019Europe", "num_rooms": 65, "hotel_id": "20148", "latitude": 50.846336, "longitude": 4.3553658, "destination": "Brussels", "stars": 4},
{"hotel_name": "Rocco Forte Hotel Amigo", "num_rooms": 173, "hotel_id": "20147", "latitude": 50.846096, "longitude": 4.351388, "destination": "Brussels", "stars": 5},
{"hotel_name": "Novotel Brussels City Centre", "num_rooms": 217, "hotel_id": "20143", "latitude": 50.850704, "longitude": 4.350012, "destination": "Brussels", "stars": 4},
{"hotel_name": "NH Brussels Grand Place Arenberg", "num_rooms": 155, "hotel_id": "20119", "latitude": 50.848473, "longitude": 4.357447, "destination": "Brussels", "stars": 4},
{"hotel_name": "Thon Hotel Brussels City Centre", "num_rooms": 454, "hotel_id": "20118", "latitude": 50.855865, "longitude": 4.357297, "destination": "Brussels", "stars": 4},
{"hotel_name": "Thon Hotel Brussels Airport", "num_rooms": 100, "hotel_id": "20117", "latitude": 50.884586, "longitude": 4.4441576, "destination": "Brussels", "stars": 3},
{"hotel_name": "Warwick Brussels - Grand Place", "num_rooms": 267, "hotel_id": "20095", "latitude": 50.84514, "longitude": 4.354407, "destination": "Brussels", "stars": 5},
{"hotel_name": "The Capital Hotel  Apartments & Townhouse ", "num_rooms": 49, "hotel_id": "117119", "latitude": 51.499985, "longitude": -0.1615119, "destination": "London", "stars": 5},
{"hotel_name": "Ibis Schiphol Amsterdam Airport", "num_rooms": 644, "hotel_id": "10445", "latitude": 52.324913, "longitude": 4.79388, "destination": "Amsterdam", "stars": 3},
{"hotel_name": "Albus Hotel Amsterdam City Centre", "num_rooms": 75, "hotel_id": "10441", "latitude": 52.365814, "longitude": 4.893143, "destination": "Amsterdam", "stars": 4},
{"hotel_name": "NH Collection Amsterdam Flower Market", "num_rooms": 218, "hotel_id": "10438", "latitude": 52.366463, "longitude": 4.893084, "destination": "Amsterdam", "stars": 4},
{"hotel_name": "Singel Hotel Amsterdam", "num_rooms": 32, "hotel_id": "10428", "latitude": 52.377815, "longitude": 4.893343, "destination": "Amsterdam", "stars": 3},
{"hotel_name": "Holiday Inn Express Amsterdam Arena Towers  an IHG Hotel", "num_rooms": 323, "hotel_id": "1042748", "latitude": 52.309578, "longitude": 4.9418697, "destination": "Amsterdam", "stars": 3},
{"hotel_name": "Holiday Inn Express Southwark  an IHG Hotel ", "num_rooms": 136, "hotel_id": "200766", "latitude": 51.50682, "longitude": -0.10411799, "destination": "London", "stars": 3},
{"hotel_name": "Novotel London Tower Bridge ", "num_rooms": 203, "hotel_id": "200339", "latitude": 51.51075, "longitude": -0.07745683, "destination": "London", "stars": 4},
{"hotel_name": "ibis Styles London Kensington ", "num_rooms": 116, "hotel_id": "200164", "latitude": 51.4935, "longitude": -0.19213602, "destination": "London", "stars": 3},
{"hotel_name": "Novotel London Canary Wharf ", "num_rooms": 313, "hotel_id": "1977789", "latitude": 51.50133, "longitude": -0.023293, "destination": "London", "stars": 4},
{"hotel_name": "Leman Locke ", "num_rooms": 168, "hotel_id": "1920592", "latitude": 51.514103, "longitude": -0.0706448, "destination": "London", "stars": 4},
{"hotel_name": "citizenM London Shoreditch ", "num_rooms": 216, "hotel_id": "1897102", "latitude": 51.523827, "longitude": -0.0778247, "destination": "London", "stars": 4},
{"hotel_name": "citizenM Tower of London ", "num_rooms": 370, "hotel_id": "1865491", "latitude": 51.51018, "longitude": -0.07672924, "destination": "London", "stars": 4},
{"hotel_name": "Blakes Hotel ", "num_rooms": 45, "hotel_id": "180033", "latitude": 51.489258, "longitude": -0.18022433, "destination": "London", "stars": 5},
{"hotel_name": "The Park Grand London Paddington ", "num_rooms": 157, "hotel_id": "179376", "latitude": 51.514153, "longitude": -0.18086135, "destination": "London", "stars": 4},
{"hotel_name": "Residence Inn by Marriott London Bridge ", "num_rooms": 87, "hotel_id": "178863", "latitude": 51.49857, "longitude": -0.08413553, "destination": "London", "stars": 4},
{"hotel_name": "Hotel Le Ch\u00e2telain", "num_rooms": 107, "hotel_id": "20258", "latitude": 50.826103, "longitude": 4.363769, "destination": "Brussels", "stars": 5},
{"hotel_name": "Hotel Des Colonies", "num_rooms": 97, "hotel_id": "20247", "latitude": 50.85641, "longitude": 4.358093, "destination": "Brussels", "stars": 3},
{"hotel_name": "Eurostars Montgomery", "num_rooms": 63, "hotel_id": "20230", "latitude": 50.83814, "longitude": 4.407124, "destination": "Brussels", "stars": 5},
{"hotel_name": "Courtyard by Marriott Brussels EU", "num_rooms": 144, "hotel_id": "2022929", "latitude": 50.84603, "longitude": 4.371786, "destination": "Brussels", "stars": 4},
{"hotel_name": "Sofitel Brussels Le Louise", "num_rooms": 169, "hotel_id": "20229", "latitude": 50.836227, "longitude": 4.3571897, "destination": "Brussels", "stars": 5},
{"hotel_name": "Mercure Hotel Brussels Airport", "num_rooms": 120, "hotel_id": "20214", "latitude": 50.874172, "longitude": 4.4132576, "destination": "Brussels", "stars": 3},
{"hotel_name": "nhow Brussels Bloom", "num_rooms": 305, "hotel_id": "20187", "latitude": 50.855167, "longitude": 4.366521, "destination": "Brussels", "stars": 4},
{"hotel_name": "Stanhope Hotel by Thon Hotels", "num_rooms": 125, "hotel_id": "20180", "latitude": 50.83966, "longitude": 4.3673325, "destination": "Brussels", "stars": 5},
{"hotel_name": "Hotel Okura Amsterdam \u2013 The Leading Hotels of the World", "num_rooms": 300, "hotel_id": "10550", "latitude": 52.348454, "longitude": 4.8928103, "destination": "Amsterdam", "stars": 5},
{"hotel_name": "Kimpton De Witt Amsterdam  an IHG Hotel", "num_rooms": 274, "hotel_id": "10542", "latitude": 52.377197, "longitude": 4.8955393, "destination": "Amsterdam", "stars": 5},
{"hotel_name": "Pulitzer Amsterdam", "num_rooms": 225, "hotel_id": "10527", "latitude": 52.37282, "longitude": 4.883282, "destination": "Amsterdam", "stars": 5},
{"hotel_name": "Park Plaza Vondelpark Amsterdam", "num_rooms": 138, "hotel_id": "10524", "latitude": 52.35425, "longitude": 4.8664255, "destination": "Amsterdam", "stars": 4},
{"hotel_name": "WestCord City Centre Hotel", "num_rooms": 106, "hotel_id": "10523", "latitude": 52.37648, "longitude": 4.893661, "destination": "Amsterdam", "stars": 3},
{"hotel_name": "Sofitel Legend The Grand Amsterdam", "num_rooms": 177, "hotel_id": "10518", "latitude": 52.371197, "longitude": 4.8954, "destination": "Amsterdam", "stars": 5},
{"hotel_name": "Swiss\u00f4tel Amsterdam", "num_rooms": 111, "hotel_id": "10502", "latitude": 52.3735, "longitude": 4.893312, "destination": "Amsterdam", "stars": 4},
{"hotel_name": "Novotel London Excel ", "num_rooms": 257, "hotel_id": "221169", "latitude": 51.50838, "longitude": 0.024531484, "destination": "London", "stars": 4},
{"hotel_name": "The Tower Hotel ", "num_rooms": 801, "hotel_id": "220593", "latitude": 51.50637, "longitude": -0.07329941, "destination": "London", "stars": 4},
{"hotel_name": "Thistle London Hyde Park Lancaster Gate ", "num_rooms": 54, "hotel_id": "220579", "latitude": 51.511024, "longitude": -0.18080235, "destination": "London", "stars": 4},
{"hotel_name": "Club Quarters Hotel  St Paul's ", "num_rooms": 265, "hotel_id": "220088", "latitude": 51.513874, "longitude": -0.10137141, "destination": "London", "stars": 4},
{"hotel_name": "Corus Hyde Park Hotel ", "num_rooms": 389, "hotel_id": "218638", "latitude": 51.511772, "longitude": -0.17762661, "destination": "London", "stars": 4},
{"hotel_name": "Citadines Barbican London ", "num_rooms": 129, "hotel_id": "217909", "latitude": 51.522087, "longitude": -0.097604245, "destination": "London", "stars": 4},
{"hotel_name": "Caesar Hotel ", "num_rooms": 140, "hotel_id": "217628", "latitude": 51.51341, "longitude": -0.18334776, "destination": "London", "stars": 4},
{"hotel_name": "Radisson Blu Edwardian Grafton Hotel  London ", "num_rooms": 330, "hotel_id": "217615", "latitude": 51.524193, "longitude": -0.13776094, "destination": "London", "stars": 4},
{"hotel_name": "Crowne Plaza London - Docklands  an IHG Hotel ", "num_rooms": 210, "hotel_id": "217482", "latitude": 51.50816, "longitude": 0.020272136, "destination": "London", "stars": 4},
{"hotel_name": "Pullman London St Pancras ", "num_rooms": 312, "hotel_id": "217305", "latitude": 51.528706, "longitude": -0.1278609, "destination": "London", "stars": 4},
{"hotel_name": "Hotel Barsey by Warwick", "num_rooms": 99, "hotel_id": "20584", "latitude": 50.820446, "longitude": 4.370048, "destination": "Brussels", "stars": 4},
{"hotel_name": "Leopold Hotel Brussels EU", "num_rooms": 107, "hotel_id": "20553", "latitude": 50.839497, "longitude": 4.370831, "destination": "Brussels", "stars": 4},
{"hotel_name": "The Hotel Brussels", "num_rooms": 421, "hotel_id": "20536", "latitude": 50.837177, "longitude": 4.3575273, "destination": "Brussels", "stars": 4},
{"hotel_name": "Holiday Inn Brussels Schuman  an IHG Hotel", "num_rooms": 62, "hotel_id": "20513", "latitude": 50.840725, "longitude": 4.383821, "destination": "Brussels", "stars": 3},
{"hotel_name": "Hotel Agenda Louise", "num_rooms": 38, "hotel_id": "20465", "latitude": 50.829525, "longitude": 4.360087, "destination": "Brussels", "stars": 3},
{"hotel_name": "NH Brussels Airport", "num_rooms": 234, "hotel_id": "20444", "latitude": 50.88929, "longitude": 4.4470086, "destination": "Brussels", "stars": 4},
{"hotel_name": "Hotel Made In Louise", "num_rooms": 48, "hotel_id": "20357", "latitude": 50.829144, "longitude": 4.357897, "destination": "Brussels", "stars": 3},
{"hotel_name": "9Hotel Central", "num_rooms": 47, "hotel_id": "20349", "latitude": 50.846523, "longitude": 4.3592515, "destination": "Brussels", "stars": 3},
{"hotel_name": "Prinsengracht Hotel", "num_rooms": 34, "hotel_id": "10870", "latitude": 52.361984, "longitude": 4.894481, "destination": "Amsterdam", "stars": 3},
{"hotel_name": "Hilton Amsterdam", "num_rooms": 271, "hotel_id": "10730", "latitude": 52.351295, "longitude": 4.8720636, "destination": "Amsterdam", "stars": 5},
{"hotel_name": "Hotel Prins Hendrik", "num_rooms": 45, "hotel_id": "10720", "latitude": 52.376514, "longitude": 4.899699, "destination": "Amsterdam", "stars": 3},
{"hotel_name": "Multatuli Hotel", "num_rooms": 29, "hotel_id": "10695", "latitude": 52.378925, "longitude": 4.8955536, "destination": "Amsterdam", "stars": 3},
{"hotel_name": "Hotel Indigo London Tower Hill  an IHG Hotel ", "num_rooms": 46, "hotel_id": "247798", "latitude": 51.51275, "longitude": -0.07575229, "destination": "London", "stars": 4},
{"hotel_name": "The Queens Gate Hotel ", "num_rooms": 90, "hotel_id": "246068", "latitude": 51.49817, "longitude": -0.17985016, "destination": "London", "stars": 4},
{"hotel_name": "Lincoln Plaza London  Curio Collection By Hilton ", "num_rooms": null, "hotel_id": "2343637", "latitude": 51.498306, "longitude": -0.019398287, "destination": "London", "stars": null},
{"hotel_name": "Doubletree By Hilton London Kensington ", "num_rooms": 162, "hotel_id": "231316", "latitude": 51.495018, "longitude": -0.18364012, "destination": "London", "stars": 4},
{"hotel_name": "Apex City Of London Hotel ", "num_rooms": 209, "hotel_id": "231051", "latitude": 51.510513, "longitude": -0.07933438, "destination": "London", "stars": 4},
{"hotel_name": "Park Plaza London Riverbank ", "num_rooms": 489, "hotel_id": "228410", "latitude": 51.491486, "longitude": -0.12168646, "destination": "London", "stars": 4},
{"hotel_name": "Draycott Hotel ", "num_rooms": 35, "hotel_id": "226190", "latitude": 51.492977, "longitude": -0.15965648, "destination": "London", "stars": 5},
{"hotel_name": "Mercure London Bridge ", "num_rooms": 144, "hotel_id": "223200", "latitude": 51.505486, "longitude": -0.09927392, "destination": "London", "stars": 4},
{"hotel_name": "ibis Styles London Southwark - near Borough Market ", "num_rooms": 114, "hotel_id": "222459", "latitude": 51.505844, "longitude": -0.09531498, "destination": "London", "stars": 3},
{"hotel_name": "Novotel London Bridge ", "num_rooms": 102, "hotel_id": "221483", "latitude": 51.505444, "longitude": -0.095164776, "destination": "London", "stars": 4},
{"hotel_name": "Volkshotel", "num_rooms": 172, "hotel_id": "1067088", "latitude": 52.35371, "longitude": 4.911916, "destination": "Amsterdam", "stars": 3},
{"hotel_name": "Radisson Blu Hotel  Amsterdam City Center", "num_rooms": 252, "hotel_id": "10663", "latitude": 52.370136, "longitude": 4.8967013, "destination": "Amsterdam", "stars": 4},
{"hotel_name": "Renaissance Amsterdam Hotel", "num_rooms": 402, "hotel_id": "10643", "latitude": 52.377815, "longitude": 4.894361, "destination": "Amsterdam", "stars": 5},
{"hotel_name": "Radisson Blu Hotel Amsterdam Airport  Schiphol", "num_rooms": 281, "hotel_id": "10636", "latitude": 52.27892, "longitude": 4.7501626, "destination": "Amsterdam", "stars": 4},
{"hotel_name": "B-aparthotel Ambiorix", "num_rooms": 63, "hotel_id": "21418", "latitude": 50.846172, "longitude": 4.3844943, "destination": "Brussels", "stars": 4},
{"hotel_name": "The Dominican", "num_rooms": 150, "hotel_id": "21108", "latitude": 50.849083, "longitude": 4.3544593, "destination": "Brussels", "stars": 4},
{"hotel_name": "Radisson Collection Grand Place Brussels", "num_rooms": 281, "hotel_id": "20965", "latitude": 50.849663, "longitude": 4.3564277, "destination": "Brussels", "stars": 5},
{"hotel_name": "Crowne Plaza Brussels Airport  an IHG Hotel", "num_rooms": 315, "hotel_id": "20924", "latitude": 50.891155, "longitude": 4.4591618, "destination": "Brussels", "stars": 4},
{"hotel_name": "Martin's Brussels EU", "num_rooms": 100, "hotel_id": "20863", "latitude": 50.845596, "longitude": 4.382356, "destination": "Brussels", "stars": 4},
{"hotel_name": "Progress Hotel", "num_rooms": 57, "hotel_id": "20768", "latitude": 50.8566, "longitude": 4.3586807, "destination": "Brussels", "stars": 4},
{"hotel_name": "Sofitel Brussels Europe", "num_rooms": 149, "hotel_id": "20730", "latitude": 50.837658, "longitude": 4.3812246, "destination": "Brussels", "stars": 5},
{"hotel_name": "Hotel Sint Nicolaas", "num_rooms": 27, "hotel_id": "11343", "latitude": 52.377567, "longitude": 4.8950906, "destination": "Amsterdam", "stars": 3},
{"hotel_name": "Eden hotel Amsterdam", "num_rooms": 218, "hotel_id": "11318", "latitude": 52.36691, "longitude": 4.8987303, "destination": "Amsterdam", "stars": 4},
{"hotel_name": "Max Brown Hotel Museum Square", "num_rooms": 64, "hotel_id": "11153", "latitude": 52.36, "longitude": 4.8820467, "destination": "Amsterdam", "stars": 3},
{"hotel_name": "Melia White House Hotel ", "num_rooms": 581, "hotel_id": "30570", "latitude": 51.524868, "longitude": -0.1437074, "destination": "London", "stars": 4},
{"hotel_name": "Baglioni Hotel London - The Leading Hotels of the World ", "num_rooms": 67, "hotel_id": "30476", "latitude": 51.501793, "longitude": -0.18472642, "destination": "London", "stars": 5},
{"hotel_name": "Corinthia London ", "num_rooms": 294, "hotel_id": "298134", "latitude": 51.506134, "longitude": -0.12502044, "destination": "London", "stars": 5},
{"hotel_name": "The Dorchester - Dorchester Collection ", "num_rooms": 250, "hotel_id": "289865", "latitude": 51.50693, "longitude": -0.15223145, "destination": "London", "stars": 5},
{"hotel_name": "The Savoy ", "num_rooms": 267, "hotel_id": "280149", "latitude": 51.5103, "longitude": -0.12086034, "destination": "London", "stars": 5},
{"hotel_name": "DoubleTree by Hilton Hotel London - Tower of London ", "num_rooms": 583, "hotel_id": "278977", "latitude": 51.51084, "longitude": -0.078417294, "destination": "London", "stars": 4},
{"hotel_name": "W London ", "num_rooms": 192, "hotel_id": "274243", "latitude": 51.51074, "longitude": -0.13163611, "destination": "London", "stars": 5},
{"hotel_name": "COMO The Halkin ", "num_rooms": 41, "hotel_id": "266306", "latitude": 51.500793, "longitude": -0.15219122, "destination": "London", "stars": 5},
{"hotel_name": "COMO Metropolitan London ", "num_rooms": 144, "hotel_id": "266301", "latitude": 51.50491, "longitude": -0.15018493, "destination": "London", "stars": 5},
{"hotel_name": "ibis Styles Amsterdam Central Station", "num_rooms": 77, "hotel_id": "11146", "latitude": 52.378025, "longitude": 4.8965993, "destination": "Amsterdam", "stars": 3},
{"hotel_name": "The College Hotel", "num_rooms": 40, "hotel_id": "11134", "latitude": 52.352764, "longitude": 4.883612, "destination": "Amsterdam", "stars": 4},
{"hotel_name": "Lloyd Hotel", "num_rooms": 117, "hotel_id": "11078", "latitude": 52.37433, "longitude": 4.934803, "destination": "Amsterdam", "stars": 3},
{"hotel_name": "Pillows Luxury Boutique Hotel Anna Van Den Vondel Amsterdam", "num_rooms": 38, "hotel_id": "10960", "latitude": 52.360764, "longitude": 4.869574, "destination": "Amsterdam", "stars": 4},
{"hotel_name": "Quentin Amsterdam Hotel", "num_rooms": 50, "hotel_id": "10919", "latitude": 52.364246, "longitude": 4.879909, "destination": "Amsterdam", "stars": 3},
{"hotel_name": "ibis Amsterdam City West", "num_rooms": 180, "hotel_id": "10918", "latitude": 52.39225, "longitude": 4.8501043, "destination": "Amsterdam", "stars": 3},
{"hotel_name": "Pillows City Hotel Brussels Centre", "num_rooms": 70, "hotel_id": "235803", "latitude": 50.847095, "longitude": 4.3594747, "destination": "Brussels", "stars": 4},
{"hotel_name": "Radisson RED Brussels", "num_rooms": 149, "hotel_id": "23274", "latitude": 50.837452, "longitude": 4.372222, "destination": "Brussels", "stars": 4},
{"hotel_name": "Hygge Hotel", "num_rooms": 50, "hotel_id": "2168400", "latitude": 50.834965, "longitude": 4.359374, "destination": "Brussels", "stars": 3},
{"hotel_name": "Park Inn By Radisson Brussels Airport", "num_rooms": 162, "hotel_id": "2166561", "latitude": 50.88403, "longitude": 4.448979, "destination": "Brussels", "stars": 3},
{"hotel_name": "Marivaux Hotel", "num_rooms": 96, "hotel_id": "21548", "latitude": 50.853874, "longitude": 4.35578, "destination": "Brussels", "stars": 4},
{"hotel_name": "Yadoya Hotel", "num_rooms": 73, "hotel_id": "2147912", "latitude": 50.857143, "longitude": 4.3508797, "destination": "Brussels", "stars": 3},
{"hotel_name": "Novotel Amsterdam Schiphol Airport", "num_rooms": 314, "hotel_id": "1415149", "latitude": 52.29156, "longitude": 4.699509, "destination": "Amsterdam", "stars": 4},
{"hotel_name": "Amsterdam Teleport Hotel", "num_rooms": 142, "hotel_id": "1405408", "latitude": 52.38548, "longitude": 4.8328586, "destination": "Amsterdam", "stars": 3},
{"hotel_name": "St Martins Lane London ", "num_rooms": 154, "hotel_id": "34382", "latitude": 51.510403, "longitude": -0.12686245, "destination": "London", "stars": 5},
{"hotel_name": "The Athenaeum Hotel & Residences ", "num_rooms": 164, "hotel_id": "34220", "latitude": 51.50458, "longitude": -0.14734983, "destination": "London", "stars": 5},
{"hotel_name": "The Carlton Tower Jumeirah ", "num_rooms": 216, "hotel_id": "34002", "latitude": 51.49857, "longitude": -0.15912205, "destination": "London", "stars": 5},
{"hotel_name": "DoubleTree by Hilton London \u2013 Docklands Riverside ", "num_rooms": 378, "hotel_id": "33966", "latitude": 51.504272, "longitude": -0.03404796, "destination": "London", "stars": 4},
{"hotel_name": "Hilton London Tower Bridge ", "num_rooms": 245, "hotel_id": "33965", "latitude": 51.50475, "longitude": -0.08255839, "destination": "London", "stars": 4},
{"hotel_name": "Hilton London Canary Wharf ", "num_rooms": 282, "hotel_id": "33926", "latitude": 51.500263, "longitude": -0.017943978, "destination": "London", "stars": 4},
{"hotel_name": "Hilton London Angel Islington ", "num_rooms": 188, "hotel_id": "33925", "latitude": 51.53604, "longitude": -0.10453373, "destination": "London", "stars": 4},
{"hotel_name": "The Park Tower Knightsbridge  a Luxury Collection Hotel  London ", "num_rooms": 280, "hotel_id": "33876", "latitude": 51.501957, "longitude": -0.15902013, "destination": "London", "stars": 5},
{"hotel_name": "Hilton London Metropole ", "num_rooms": 1059, "hotel_id": "33864", "latitude": 51.51916, "longitude": -0.16942441, "destination": "London", "stars": 4},
{"hotel_name": "Rosewood London ", "num_rooms": 306, "hotel_id": "311620", "latitude": 51.517677, "longitude": -0.11796355, "destination": "London", "stars": 5},
{"hotel_name": "Mercure Amsterdam Sloterdijk Station", "num_rooms": 172, "hotel_id": "1392565", "latitude": 52.387913, "longitude": 4.834296, "destination": "Amsterdam", "stars": 4},
{"hotel_name": "The Student Hotel Amsterdam City", "num_rooms": 200, "hotel_id": "1384024", "latitude": 52.354595, "longitude": 4.912632, "destination": "Amsterdam", "stars": 4},
{"hotel_name": "W Amsterdam", "num_rooms": 238, "hotel_id": "1358382", "latitude": 52.372787, "longitude": 4.890006, "destination": "Amsterdam", "stars": 5},
{"hotel_name": "Hotel Asterisk Annex 2 Stars", "num_rooms": 21, "hotel_id": "1332787", "latitude": 52.358807, "longitude": 4.8939376, "destination": "Amsterdam", "stars": 2},
{"hotel_name": "Hilton Amsterdam Airport Schiphol", "num_rooms": 433, "hotel_id": "1317864", "latitude": 52.307026, "longitude": 4.755927, "destination": "Amsterdam", "stars": 4},
{"hotel_name": "a&o Amsterdam Zuidoost", "num_rooms": 353, "hotel_id": "1272720", "latitude": 52.307083, "longitude": 4.9497366, "destination": "Amsterdam", "stars": 2},
{"hotel_name": "citizenM Schiphol Airport", "num_rooms": 355, "hotel_id": "11745", "latitude": 52.309338, "longitude": 4.7559133, "destination": "Amsterdam", "stars": 4},
{"hotel_name": "Van der Valk Hotel Brussels Airport", "num_rooms": 224, "hotel_id": "41613", "latitude": 50.887604, "longitude": 4.452606, "destination": "Brussels", "stars": 4},
{"hotel_name": "Harmon House", "num_rooms": 27, "hotel_id": "4018403", "latitude": 50.83068, "longitude": 4.35646, "destination": "Brussels", "stars": 4},
{"hotel_name": "NH Amsterdam Zuid", "num_rooms": 213, "hotel_id": "17626", "latitude": 52.32667, "longitude": 4.879955, "destination": "Amsterdam", "stars": 4},
{"hotel_name": "L'oscar London ", "num_rooms": 39, "hotel_id": "3608829", "latitude": 51.517986, "longitude": -0.1201987, "destination": "London", "stars": 5},
{"hotel_name": "Sofitel London St James ", "num_rooms": 183, "hotel_id": "35820", "latitude": 51.507523, "longitude": -0.13244748, "destination": "London", "stars": 5},
{"hotel_name": "Holiday Inn Express London City  an IHG Hotel ", "num_rooms": 224, "hotel_id": "35673", "latitude": 51.526714, "longitude": -0.08288562, "destination": "London", "stars": 3},
{"hotel_name": "Hilton London Hyde Park ", "num_rooms": 136, "hotel_id": "35580", "latitude": 51.510277, "longitude": -0.18756956, "destination": "London", "stars": 4},
{"hotel_name": "Radisson Blu Edwardian New Providence Wharf Hotel  London ", "num_rooms": 169, "hotel_id": "35352", "latitude": 51.50636, "longitude": -0.005246401, "destination": "London", "stars": 4},
{"hotel_name": "The Cadogan  A Belmond Hotel  London ", "num_rooms": 54, "hotel_id": "35274", "latitude": 51.496937, "longitude": -0.159261, "destination": "London", "stars": 5},
{"hotel_name": "ibis Styles London Gloucester Road ", "num_rooms": 85, "hotel_id": "34981", "latitude": 51.49504, "longitude": -0.18417656, "destination": "London", "stars": 3},
{"hotel_name": "Hilton London Olympia ", "num_rooms": 405, "hotel_id": "34897", "latitude": 51.496597, "longitude": -0.20641409, "destination": "London", "stars": 4},
{"hotel_name": "Dukes London ", "num_rooms": 90, "hotel_id": "34779", "latitude": 51.505516, "longitude": -0.13942659, "destination": "London", "stars": 5},
{"hotel_name": "The Goring ", "num_rooms": 69, "hotel_id": "34460", "latitude": 51.4975, "longitude": -0.14579415, "destination": "London", "stars": 5},
{"hotel_name": "Hampton by Hilton Amsterdam Centre East", "num_rooms": 75, "hotel_id": "1727371", "latitude": 52.371334, "longitude": 4.934809, "destination": "Amsterdam", "stars": 4},
{"hotel_name": "Hotel Casa Amsterdam", "num_rooms": 151, "hotel_id": "171124", "latitude": 52.34989, "longitude": 4.9188895, "destination": "Amsterdam", "stars": 3},
{"hotel_name": "Hotel CC", "num_rooms": 81, "hotel_id": "171116", "latitude": 52.375637, "longitude": 4.8984914, "destination": "Amsterdam", "stars": 3},
{"hotel_name": "Generator Amsterdam", "num_rooms": 168, "hotel_id": "1670531", "latitude": 52.360992, "longitude": 4.9190364, "destination": "Amsterdam", "stars": 3},
{"hotel_name": "Amsterdam Marriott Hotel", "num_rooms": 396, "hotel_id": "16356", "latitude": 52.36266, "longitude": 4.8796625, "destination": "Amsterdam", "stars": 5},
{"hotel_name": "Element Amsterdam", "num_rooms": 160, "hotel_id": "1634357", "latitude": 52.331802, "longitude": 4.8775, "destination": "Amsterdam", "stars": 4},
{"hotel_name": "The Hoxton  Amsterdam", "num_rooms": 111, "hotel_id": "1465779", "latitude": 52.371567, "longitude": 4.887334, "destination": "Amsterdam", "stars": 4},
{"hotel_name": "Motel One Amsterdam", "num_rooms": 320, "hotel_id": "1438403", "latitude": 52.338978, "longitude": 4.892575, "destination": "Amsterdam", "stars": 3},
{"hotel_name": "XO Hotels Blue Square", "num_rooms": 175, "hotel_id": "14226", "latitude": 52.378586, "longitude": 4.8205585, "destination": "Amsterdam", "stars": 3},
{"hotel_name": "Aparthotel Adagio Access Bruxelles Europe Aparthotel", "num_rooms": 110, "hotel_id": "390002", "latitude": 50.841904, "longitude": 4.369479, "destination": "Brussels", "stars": 2},
{"hotel_name": "Thon Hotel EU", "num_rooms": 405, "hotel_id": "375436", "latitude": 50.843964, "longitude": 4.37563, "destination": "Brussels", "stars": 4},
{"hotel_name": "Motel One Brussels", "num_rooms": 489, "hotel_id": "906893", "latitude": 50.848686, "longitude": 4.363129, "destination": "Brussels", "stars": 3},
{"hotel_name": "Juliana Hotel Brussels", "num_rooms": null, "hotel_id": "7066481", "latitude": 50.851593, "longitude": 4.355723, "destination": "Brussels", "stars": 5},
{"hotel_name": "B&B H\u00f4tel Brussels Centre Louise", "num_rooms": 148, "hotel_id": "4639439", "latitude": 50.828136, "longitude": 4.36487, "destination": "Brussels", "stars": 4},
{"hotel_name": "Boutique Hotel Notting Hill", "num_rooms": 71, "hotel_id": "281369", "latitude": 52.358406, "longitude": 4.898921, "destination": "Amsterdam", "stars": 4},
{"hotel_name": "Leonardo Royal London City - Tower Hill ", "num_rooms": 307, "hotel_id": "37096", "latitude": 51.510784, "longitude": -0.07690564, "destination": "London", "stars": 4},
{"hotel_name": "London Marriott Hotel Canary Wharf ", "num_rooms": 301, "hotel_id": "36973", "latitude": 51.507423, "longitude": -0.021125078, "destination": "London", "stars": 5},
{"hotel_name": "London Marriott Hotel Kensington ", "num_rooms": 216, "hotel_id": "36914", "latitude": 51.49441, "longitude": -0.18977702, "destination": "London", "stars": 4},
{"hotel_name": "St James Hotel & Club Mayfair ", "num_rooms": 60, "hotel_id": "36694", "latitude": 51.50617, "longitude": -0.14046192, "destination": "London", "stars": 5},
{"hotel_name": "Hilton London Euston ", "num_rooms": 159, "hotel_id": "36570", "latitude": 51.52655, "longitude": -0.13010323, "destination": "London", "stars": 4},
{"hotel_name": "Hilton London Kensington Hotel ", "num_rooms": 601, "hotel_id": "36536", "latitude": 51.504948, "longitude": -0.21450162, "destination": "London", "stars": 4},
{"hotel_name": "The Stafford London ", "num_rooms": 105, "hotel_id": "36506", "latitude": 51.505825, "longitude": -0.14054239, "destination": "London", "stars": 5},
{"hotel_name": "The Hari London ", "num_rooms": 85, "hotel_id": "362330", "latitude": 51.497322, "longitude": -0.15612066, "destination": "London", "stars": 5},
{"hotel_name": "The Marylebone Hotel ", "num_rooms": 252, "hotel_id": "36205", "latitude": 51.51774, "longitude": -0.14969409, "destination": "London", "stars": 5},
{"hotel_name": "citizenM Amsterdam South", "num_rooms": 215, "hotel_id": "26263", "latitude": 52.341843, "longitude": 4.875937, "destination": "Amsterdam", "stars": 4},
{"hotel_name": "Joy Hotel", "num_rooms": 122, "hotel_id": "2570375", "latitude": 52.304844, "longitude": 4.9483433, "destination": "Amsterdam", "stars": 3},
{"hotel_name": "Conscious Hotel Vondelpark", "num_rooms": 81, "hotel_id": "254187", "latitude": 52.35786, "longitude": 4.8565097, "destination": "Amsterdam", "stars": 3},
{"hotel_name": "Park Inn by Radisson Amsterdam City West", "num_rooms": 476, "hotel_id": "2293774", "latitude": 52.39019, "longitude": 4.84177, "destination": "Amsterdam", "stars": 4},
{"hotel_name": "easyHotel Amsterdam Arena Boulevard", "num_rooms": 131, "hotel_id": "2064275", "latitude": 52.313244, "longitude": 4.944774, "destination": "Amsterdam", "stars": 2},
{"hotel_name": "Sir Adam Hotel", "num_rooms": 108, "hotel_id": "2007116", "latitude": 52.38413, "longitude": 4.902768, "destination": "Amsterdam", "stars": 4},
{"hotel_name": "ibis budget Amsterdam City South", "num_rooms": 314, "hotel_id": "1977787", "latitude": 52.316685, "longitude": 4.871878, "destination": "Amsterdam", "stars": 2},
{"hotel_name": "Conscious Hotel The Tire Station", "num_rooms": 112, "hotel_id": "1971081", "latitude": 52.357212, "longitude": 4.8554497, "destination": "Amsterdam", "stars": 3},
{"hotel_name": "WestCord Fashion Hotel Amsterdam", "num_rooms": 260, "hotel_id": "18488", "latitude": 52.357548, "longitude": 4.8441687, "destination": "Amsterdam", "stars": 4},
{"hotel_name": "Marriott Executive Apartments Brussels", "num_rooms": 50, "hotel_id": "45994", "latitude": 50.838455, "longitude": 4.3711276, "destination": "Brussels", "stars": 4},
{"hotel_name": "Steigenberger Wiltcher's", "num_rooms": 267, "hotel_id": "456237", "latitude": 50.832497, "longitude": 4.357557, "destination": "Brussels", "stars": 5},
{"hotel_name": "Pillows Grand Boutique Hotel Place Rouppe Brussels", "num_rooms": 43, "hotel_id": "370774", "latitude": 50.84238, "longitude": 4.346093, "destination": "Brussels", "stars": 4},
{"hotel_name": "Hotel Siru", "num_rooms": 101, "hotel_id": "335008", "latitude": 50.856323, "longitude": 4.3583803, "destination": "Brussels", "stars": 3},
{"hotel_name": "Hotel Park Inn by Radisson Brussels Midi", "num_rooms": 142, "hotel_id": "283143", "latitude": 50.835384, "longitude": 4.3382907, "destination": "Brussels", "stars": 3},
{"hotel_name": "Aloft Brussels Schuman", "num_rooms": 150, "hotel_id": "250674", "latitude": 50.84054, "longitude": 4.380777, "destination": "Brussels", "stars": 4},
{"hotel_name": "citizenM London Bankside ", "num_rooms": 192, "hotel_id": "403146", "latitude": 51.50524, "longitude": -0.09820104, "destination": "London", "stars": 4},
{"hotel_name": "ME London by Melia ", "num_rooms": 157, "hotel_id": "397899", "latitude": 51.511616, "longitude": -0.11881113, "destination": "London", "stars": 5},
{"hotel_name": "Knightsbridge Hotel  Firmdale Hotels ", "num_rooms": 44, "hotel_id": "392208", "latitude": 51.498184, "longitude": -0.16438723, "destination": "London", "stars": 5},
{"hotel_name": "The Kensington Hotel ", "num_rooms": 150, "hotel_id": "38066", "latitude": 51.492474, "longitude": -0.17820194, "destination": "London", "stars": 5},
{"hotel_name": "The Berkeley ", "num_rooms": 204, "hotel_id": "38057", "latitude": 51.50172, "longitude": -0.15584439, "destination": "London", "stars": 5},
{"hotel_name": "The Connaught ", "num_rooms": 121, "hotel_id": "38055", "latitude": 51.510048, "longitude": -0.14961362, "destination": "London", "stars": 5},
{"hotel_name": "Commodore Hotel ", "num_rooms": 88, "hotel_id": "37834", "latitude": 51.511875, "longitude": -0.18072322, "destination": "London", "stars": 4},
{"hotel_name": "Holiday Inn London Kensington Forum  an IHG Hotel ", "num_rooms": 906, "hotel_id": "37381", "latitude": 51.494083, "longitude": -0.18491685, "destination": "London", "stars": 4},
{"hotel_name": "11 Cadogan Gardens Hotel & Apartments ", "num_rooms": 56, "hotel_id": "37137", "latitude": 51.493557, "longitude": -0.15949488, "destination": "London", "stars": 5},
{"hotel_name": "MEININGER Hotel Amsterdam City West", "num_rooms": 219, "hotel_id": "379553", "latitude": 52.39059, "longitude": 4.837452, "destination": "Amsterdam", "stars": 3},
{"hotel_name": "Hotel Iron Horse Leidse Square", "num_rooms": 42, "hotel_id": "371676", "latitude": 52.36325, "longitude": 4.8776197, "destination": "Amsterdam", "stars": 3},
{"hotel_name": "Postillion Hotel Amsterdam ", "num_rooms": null, "hotel_id": "3693027", "latitude": 52.33388, "longitude": 4.9212403, "destination": "Amsterdam", "stars": 4},
{"hotel_name": "Van der Valk Hotel Amsterdam - Amstel", "num_rooms": 206, "hotel_id": "3555133", "latitude": 52.333305, "longitude": 4.914512, "destination": "Amsterdam", "stars": 4},
{"hotel_name": "Conservatorium Hotel", "num_rooms": 129, "hotel_id": "349348", "latitude": 52.358585, "longitude": 4.878488, "destination": "Amsterdam", "stars": 5},
{"hotel_name": "Holiday Inn Express Amsterdam - Sloterdijk Station  an IHG Hotel", "num_rooms": 254, "hotel_id": "341228", "latitude": 52.388203, "longitude": 4.8374553, "destination": "Amsterdam", "stars": 3},
{"hotel_name": "Crowne Plaza Amsterdam - South  an IHG Hotel", "num_rooms": 207, "hotel_id": "338622", "latitude": 52.335804, "longitude": 4.8745475, "destination": "Amsterdam", "stars": 4},
{"hotel_name": "Corendon Village Hotel Amsterdam", "num_rooms": 680, "hotel_id": "3147749", "latitude": 52.328697, "longitude": 4.786134, "destination": "Amsterdam", "stars": 4},
{"hotel_name": "Hotel JL No76", "num_rooms": 39, "hotel_id": "292015", "latitude": 52.359505, "longitude": 4.8800955, "destination": "Amsterdam", "stars": 4},
{"hotel_name": "Hotel van de Vijsel", "num_rooms": 82, "hotel_id": "2882071", "latitude": 52.36338, "longitude": 4.8781343, "destination": "Amsterdam", "stars": 4},
{"hotel_name": "Aqua Hotel Brussels", "num_rooms": 97, "hotel_id": "244175", "latitude": 50.836525, "longitude": 4.3606443, "destination": "Brussels", "stars": 3},
{"hotel_name": "Qbic Hotel WTC Amsterdam", "num_rooms": 82, "hotel_id": "11642", "latitude": 52.340267, "longitude": 4.873488, "destination": "Amsterdam", "stars": 3},
{"hotel_name": "Courtyard By Marriott Brussels", "num_rooms": 191, "hotel_id": "21479", "latitude": 50.86999, "longitude": 4.405319, "destination": "Brussels", "stars": 4},
{"hotel_name": "Hotel Xenia - Autograph Collection ", "num_rooms": 99, "hotel_id": "543593", "latitude": 51.494743, "longitude": -0.18997215, "destination": "London", "stars": 4},
{"hotel_name": "The Hoxton  Southwark ", "num_rooms": 192, "hotel_id": "4972311", "latitude": 51.50576, "longitude": -0.1049155, "destination": "London", "stars": 4},
{"hotel_name": "Stay Inn Farringdon ", "num_rooms": null, "hotel_id": "4898780", "latitude": 51.521202, "longitude": -0.101786, "destination": "London", "stars": null},
{"hotel_name": "Premier Inn London Kensington Olympia ", "num_rooms": 90, "hotel_id": "47331", "latitude": 51.49424, "longitude": -0.19709408, "destination": "London", "stars": 3},
{"hotel_name": "Hotel Cafe Royal ", "num_rooms": 159, "hotel_id": "450214", "latitude": 51.50994, "longitude": -0.13604969, "destination": "London", "stars": 5},
{"hotel_name": "Four Seasons Hotel London at Park Lane ", "num_rooms": 193, "hotel_id": "447430", "latitude": 51.504227, "longitude": -0.15005618, "destination": "London", "stars": 5},
{"hotel_name": "The Wellesley  a Luxury Collection Hotel  Knightsbridge  London ", "num_rooms": 36, "hotel_id": "446639", "latitude": 51.502266, "longitude": -0.15362, "destination": "London", "stars": 5},
{"hotel_name": "Canary Riverside Plaza Hotel ", "num_rooms": 142, "hotel_id": "434448", "latitude": 51.5067, "longitude": -0.027827919, "destination": "London", "stars": 5},
{"hotel_name": "ibis London Blackfriars ", "num_rooms": 297, "hotel_id": "426368", "latitude": 51.505184, "longitude": -0.10485023, "destination": "London", "stars": 3},
{"hotel_name": "The Hoxton  Shoreditch ", "num_rooms": 210, "hotel_id": "425010", "latitude": 51.52561, "longitude": -0.08284137, "destination": "London", "stars": 4},
{"hotel_name": "Olympic Hotel", "num_rooms": 309, "hotel_id": "4609378", "latitude": 52.341457, "longitude": 4.853175, "destination": "Amsterdam", "stars": 4},
{"hotel_name": "Leonardo Royal Hotel Amsterdam", "num_rooms": 490, "hotel_id": "4518699", "latitude": 52.332424, "longitude": 4.917847, "destination": "Amsterdam", "stars": 4},
{"hotel_name": "XO Hotels Park West", "num_rooms": 206, "hotel_id": "438389", "latitude": 52.385624, "longitude": 4.847168, "destination": "Amsterdam", "stars": 4},
{"hotel_name": "Andaz Amsterdam Prinsengracht - a concept by Hyatt", "num_rooms": 122, "hotel_id": "438120", "latitude": 52.36786, "longitude": 4.8828316, "destination": "Amsterdam", "stars": 5},
{"hotel_name": "Renaissance Amsterdam Schiphol Airport Hotel", "num_rooms": 250, "hotel_id": "4015142", "latitude": 52.30476, "longitude": 4.809465, "destination": "Amsterdam", "stars": 4},
{"hotel_name": "citizenM Amstel Amsterdam", "num_rooms": 215, "hotel_id": "4000357", "latitude": 52.36089, "longitude": 4.9064555, "destination": "Amsterdam", "stars": 4},
{"hotel_name": "Leonardo Hotel Amsterdam Rembrandtpark", "num_rooms": 446, "hotel_id": "397148", "latitude": 52.367943, "longitude": 4.844059, "destination": "Amsterdam", "stars": 4},
{"hotel_name": "Holiday Inn Express Amsterdam - South  an IHG Hotel", "num_rooms": 80, "hotel_id": "392495", "latitude": 52.325855, "longitude": 4.8670692, "destination": "Amsterdam", "stars": 3},
{"hotel_name": "Sir Albert Hotel", "num_rooms": 90, "hotel_id": "388835", "latitude": 52.354546, "longitude": 4.887312, "destination": "Amsterdam", "stars": 4},
{"hotel_name": "Hotel Espresso", "num_rooms": 68, "hotel_id": "380885", "latitude": 52.36286, "longitude": 4.8763723, "destination": "Amsterdam", "stars": 3},
{"hotel_name": "Renaissance Brussels Hotel", "num_rooms": 262, "hotel_id": "21475", "latitude": 50.838066, "longitude": 4.3717766, "destination": "Brussels", "stars": 4},
{"hotel_name": "Brussels Marriott Hotel Grand Place", "num_rooms": 221, "hotel_id": "21474", "latitude": 50.84871, "longitude": 4.3480754, "destination": "Brussels", "stars": 4},
{"hotel_name": "B-aparthotel Montgomery", "num_rooms": 34, "hotel_id": "21419", "latitude": 50.837418, "longitude": 4.4061184, "destination": "Brussels", "stars": 4},
{"hotel_name": "XO Hotels City Centre", "num_rooms": 110, "hotel_id": "10893", "latitude": 52.375046, "longitude": 4.8970084, "destination": "Amsterdam", "stars": 3},
{"hotel_name": "Hotel Hubert Grand Place", "num_rooms": 100, "hotel_id": "20713", "latitude": 50.84832, "longitude": 4.356231, "destination": "Brussels", "stars": 4},
{"hotel_name": "Pentahotel Brussels Airport", "num_rooms": 87, "hotel_id": "20651", "latitude": 50.884583, "longitude": 4.4443884, "destination": "Brussels", "stars": 3},
{"hotel_name": "Hampton by Hilton London Waterloo ", "num_rooms": 297, "hotel_id": "845261", "latitude": 51.501503, "longitude": -0.10869384, "destination": "London", "stars": 3},
{"hotel_name": "Mandarin Oriental Hyde Park  London ", "num_rooms": 193, "hotel_id": "699814", "latitude": 51.502052, "longitude": -0.159918, "destination": "London", "stars": 5},
{"hotel_name": "NoMad London ", "num_rooms": null, "hotel_id": "6862655", "latitude": 51.513058, "longitude": -0.1216671, "destination": "London", "stars": null},
{"hotel_name": "The London EDITION ", "num_rooms": 173, "hotel_id": "600827", "latitude": 51.516926, "longitude": -0.13673902, "destination": "London", "stars": 5},
{"hotel_name": "INNSiDE by Meli\u00e1 Amsterdam ", "num_rooms": null, "hotel_id": "6745031", "latitude": 52.339676, "longitude": 4.871608, "destination": "Amsterdam", "stars": 4},
{"hotel_name": "Moxy Amsterdam Schiphol Airport ", "num_rooms": null, "hotel_id": "6490150", "latitude": 52.291122, "longitude": 4.726132, "destination": "Amsterdam", "stars": 3},
{"hotel_name": "Van der Valk Hotel Amsterdam Zuidas -Rai", "num_rooms": 234, "hotel_id": "6348927", "latitude": 52.336304, "longitude": 4.8877206, "destination": "Amsterdam", "stars": 4},
{"hotel_name": "Holiday Inn Express Amsterdam - North Riverside  an IHG Hotel", "num_rooms": 438, "hotel_id": "6331862", "latitude": 52.385242, "longitude": 4.919162, "destination": "Amsterdam", "stars": 3},
{"hotel_name": "Krisotel", "num_rooms": 38, "hotel_id": "6258790", "latitude": 52.365753, "longitude": 4.879759, "destination": "Amsterdam", "stars": 3},
{"hotel_name": "art'otel amsterdam  part of Radisson Hotel Group", "num_rooms": 107, "hotel_id": "591806", "latitude": 52.37767, "longitude": 4.8972154, "destination": "Amsterdam", "stars": 4},
{"hotel_name": "Hard Rock Hotel Amsterdam American", "num_rooms": 173, "hotel_id": "5737589", "latitude": 52.363888, "longitude": 4.881302, "destination": "Amsterdam", "stars": 4},
{"hotel_name": "nhow Amsterdam Rai", "num_rooms": 650, "hotel_id": "4958616", "latitude": 52.338596, "longitude": 4.891014, "destination": "Amsterdam", "stars": 4},
{"hotel_name": "Hotel V Nesplein", "num_rooms": 43, "hotel_id": "476377", "latitude": 52.3709, "longitude": 4.8935738, "destination": "Amsterdam", "stars": 4},
{"hotel_name": "The ED Amsterdam", "num_rooms": 70, "hotel_id": "4719575", "latitude": 52.364124, "longitude": 4.878354, "destination": "Amsterdam", "stars": 3},
{"hotel_name": "Hilton Brussels Grand Place", "num_rooms": 224, "hotel_id": "20588", "latitude": 50.8459, "longitude": 4.355977, "destination": "Brussels", "stars": 4},
{"hotel_name": "Hotel Nicolaas Witsen", "num_rooms": 29, "hotel_id": "10575", "latitude": 52.35894, "longitude": 4.8962445, "destination": "Amsterdam", "stars": 3},
{"hotel_name": "WestCord Art Hotel Amsterdam 3 stars", "num_rooms": 191, "hotel_id": "10554", "latitude": 52.392807, "longitude": 4.868785, "destination": "Amsterdam", "stars": 3},
{"hotel_name": "NH Collection Brussels Grand Sablon", "num_rooms": 193, "hotel_id": "20334", "latitude": 50.84085, "longitude": 4.3558, "destination": "Brussels", "stars": 4},
{"hotel_name": "Hotel Novotel Brussels Off Grand Place", "num_rooms": 140, "hotel_id": "20259", "latitude": 50.846302, "longitude": 4.3549795, "destination": "Brussels", "stars": 4},
{"hotel_name": "Sheraton Amsterdam Airport Hotel and Conference Center", "num_rooms": 407, "hotel_id": "10481", "latitude": 52.30903, "longitude": 4.759939, "destination": "Amsterdam", "stars": 4},
{"hotel_name": "Holiday Inn Amsterdam", "num_rooms": 264, "hotel_id": "10450", "latitude": 52.33515, "longitude": 4.888282, "destination": "Amsterdam", "stars": 4},
{"hotel_name": "Avenue Hotel", "num_rooms": 82, "hotel_id": "10447", "latitude": 52.376637, "longitude": 4.894656, "destination": "Amsterdam", "stars": 3},
{"hotel_name": "ibis Hotel Brussels Airport", "num_rooms": 98, "hotel_id": "20164", "latitude": 50.881413, "longitude": 4.437181, "destination": "Brussels", "stars": 3},
{"hotel_name": "ibis Hotel Brussels off Grand'Place", "num_rooms": 184, "hotel_id": "20161", "latitude": 50.846752, "longitude": 4.355269, "destination": "Brussels", "stars": 3},
{"hotel_name": "ibis Amsterdam Centre", "num_rooms": 363, "hotel_id": "10422", "latitude": 52.379543, "longitude": 4.8969655, "destination": "Amsterdam", "stars": 3},
{"hotel_name": "NH Amsterdam Schiphol Airport", "num_rooms": 419, "hotel_id": "10369", "latitude": 52.28969, "longitude": 4.7248855, "destination": "Amsterdam", "stars": 4},
{"hotel_name": "Amsterdam Canal Residence", "num_rooms": 9, "hotel_id": "908265", "latitude": 52.359478, "longitude": 4.895853, "destination": "Amsterdam", "stars": 4},
{"hotel_name": "Hyatt Place Amsterdam Airport", "num_rooms": 330, "hotel_id": "822914", "latitude": 52.29354, "longitude": 4.7159753, "destination": "Amsterdam", "stars": 4},
{"hotel_name": "NH City Centre Amsterdam", "num_rooms": 213, "hotel_id": "10366", "latitude": 52.36972, "longitude": 4.8887777, "destination": "Amsterdam", "stars": 4},
{"hotel_name": "NH Amsterdam Schiller", "num_rooms": 92, "hotel_id": "10365", "latitude": 52.36575, "longitude": 4.8966956, "destination": "Amsterdam", "stars": 4},
{"hotel_name": "NH Amsterdam Caransa", "num_rooms": 66, "hotel_id": "10363", "latitude": 52.36645, "longitude": 4.896921, "destination": "Amsterdam", "stars": 4},
{"hotel_name": "Best Western Amsterdam", "num_rooms": 232, "hotel_id": "10220", "latitude": 52.348904, "longitude": 4.8424253, "destination": "Amsterdam", "stars": 3},
{"hotel_name": "Hotel Arena", "num_rooms": 116, "hotel_id": "10215", "latitude": 52.360992, "longitude": 4.9157906, "destination": "Amsterdam", "stars": 4},
{"hotel_name": "Hotel Esther\u00e9a", "num_rooms": 71, "hotel_id": "10192", "latitude": 52.370472, "longitude": 4.8884907, "destination": "Amsterdam", "stars": 4},
{"hotel_name": "Aris Grand Place Hotel", "num_rooms": 55, "hotel_id": "20049", "latitude": 50.847164, "longitude": 4.353837, "destination": "Brussels", "stars": 3},
{"hotel_name": "Ham Yard Hotel  Firmdale Hotels ", "num_rooms": 91, "hotel_id": "1002044", "latitude": 51.511192, "longitude": -0.1347439, "destination": "London", "stars": 5},
{"hotel_name": "Moxy Berlin Ostbahnhof ", "num_rooms": 210, "hotel_id": "1886029", "latitude": 52.51067, "longitude": 13.430136, "destination": "Berlin", "stars": 4},
{"hotel_name": "Sir Savigny Hotel ", "num_rooms": 44, "hotel_id": "185388", "latitude": 52.505707, "longitude": 13.320708, "destination": "Berlin", "stars": 5},
{"hotel_name": "NH Berlin Potsdamer Platz ", "num_rooms": 89, "hotel_id": "184969", "latitude": 52.501644, "longitude": 13.385701, "destination": "Berlin", "stars": 4},
{"hotel_name": "Michelberger Hotel ", "num_rooms": 100, "hotel_id": "181561", "latitude": 52.504627, "longitude": 13.448097, "destination": "Berlin", "stars": 0},
{"hotel_name": "Industriepalast Berlin ", "num_rooms": 90, "hotel_id": "177530", "latitude": 52.504086, "longitude": 13.447286, "destination": "Berlin", "stars": 1},
{"hotel_name": "TITANIC Chaussee Berlin ", "num_rooms": 389, "hotel_id": "1558304", "latitude": 52.53196, "longitude": 13.381568, "destination": "Berlin", "stars": 4},
{"hotel_name": "Riu Plaza Berlin ", "num_rooms": 357, "hotel_id": "1377073", "latitude": 52.500294, "longitude": 13.3467455, "destination": "Berlin", "stars": 4},
{"hotel_name": "TITANIC Gendarmenmarkt Berlin ", "num_rooms": 208, "hotel_id": "1278522", "latitude": 52.51499, "longitude": 13.39409, "destination": "Berlin", "stars": 5},
{"hotel_name": "Leonardo Hotel Berlin Mitte ", "num_rooms": 309, "hotel_id": "1079327", "latitude": 52.522194, "longitude": 13.385691, "destination": "Berlin", "stars": 4},
{"hotel_name": "Steigenberger Hotel Am Kanzleramt ", "num_rooms": 339, "hotel_id": "1004815", "latitude": 52.523884, "longitude": 13.368183, "destination": "Berlin", "stars": 5},
{"hotel_name": "Citadines Austerlitz Paris", "num_rooms": 50, "hotel_id": "218673", "latitude": 48.834915, "longitude": 2.360405, "destination": "Paris", "stars": 3},
{"hotel_name": "Citadines Place d'Italie Paris", "num_rooms": 169, "hotel_id": "218363", "latitude": 48.83063, "longitude": 2.3548803, "destination": "Paris", "stars": 3},
{"hotel_name": "Okko Hotels Paris Porte De Versailles", "num_rooms": 149, "hotel_id": "2133335", "latitude": 48.832554, "longitude": 2.2784424, "destination": "Paris", "stars": 4},
{"hotel_name": "ibis Styles Paris Charles de Gaulle Airport", "num_rooms": 305, "hotel_id": "1977786", "latitude": 49.01056, "longitude": 2.5619543, "destination": "Paris", "stars": 3},
{"hotel_name": "Hyatt Regency Paris - Charles De Gaulle", "num_rooms": 388, "hotel_id": "181858", "latitude": 48.990997, "longitude": 2.5155258, "destination": "Paris", "stars": 4},
{"hotel_name": "Pullman Paris Roissy Cdg Airport", "num_rooms": 305, "hotel_id": "1414898", "latitude": 49.010918, "longitude": 2.5625381, "destination": "Paris", "stars": 4},
{"hotel_name": "Melia Paris La Defense", "num_rooms": 369, "hotel_id": "1201343", "latitude": 48.888428, "longitude": 2.2495794, "destination": "Paris", "stars": 4},
{"hotel_name": "H\u00f4tel de la Bourdonnais", "num_rooms": 53, "hotel_id": "1068518", "latitude": 48.854984, "longitude": 2.3044744, "destination": "Paris", "stars": 4},
{"hotel_name": "citizenM Paris Charles de Gaulle Airport", "num_rooms": 230, "hotel_id": "1040817", "latitude": 49.00918, "longitude": 2.5577903, "destination": "Paris", "stars": 4},
{"hotel_name": "Aparthotel Adagio Paris Malakoff Chatillon", "num_rooms": 76, "hotel_id": "1002056", "latitude": 48.819714, "longitude": 2.3103104, "destination": "Paris", "stars": 4},
{"hotel_name": "Hotel Amsterdam De Roode Leeuw", "num_rooms": 79, "hotel_id": "10074", "latitude": 52.373684, "longitude": 4.893625, "destination": "Amsterdam", "stars": 4},
{"hotel_name": "Nova Hotel", "num_rooms": 61, "hotel_id": "10064", "latitude": 52.371235, "longitude": 4.890131, "destination": "Amsterdam", "stars": 3},
{"hotel_name": "Claridge's ", "num_rooms": 197, "hotel_id": "38056", "latitude": 51.512688, "longitude": -0.14778972, "destination": "London", "stars": 5},
{"hotel_name": "MEININGER Hotels Bruxelles City Center", "num_rooms": 150, "hotel_id": "450604", "latitude": 50.851414, "longitude": 4.3388863, "destination": "Brussels", "stars": 3},
{"hotel_name": "Leonardo Royal London Tower Bridge ", "num_rooms": 370, "hotel_id": "301099", "latitude": 51.51166, "longitude": -0.071765184, "destination": "London", "stars": 4},
{"hotel_name": "Hotel AMANO Rooms & Apartments ", "num_rooms": 163, "hotel_id": "25188", "latitude": 52.528133, "longitude": 13.40271, "destination": "Berlin", "stars": 3},
{"hotel_name": "The Circus Hotel ", "num_rooms": 63, "hotel_id": "24824", "latitude": 52.5294, "longitude": 13.40137, "destination": "Berlin", "stars": 0},
{"hotel_name": "nhow Berlin ", "num_rooms": 304, "hotel_id": "243163", "latitude": 52.501656, "longitude": 13.449577, "destination": "Berlin", "stars": 4},
{"hotel_name": "Scandic Berlin Potsdamer Platz ", "num_rooms": 561, "hotel_id": "237310", "latitude": 52.504707, "longitude": 13.374835, "destination": "Berlin", "stars": 4},
{"hotel_name": "Capri by Fraser Berlin ", "num_rooms": 143, "hotel_id": "2274234", "latitude": 52.514908, "longitude": 13.405126, "destination": "Berlin", "stars": 4},
{"hotel_name": "Hampton by Hilton Berlin City Centre Alexanderplatz ", "num_rooms": 344, "hotel_id": "2258745", "latitude": 52.525475, "longitude": 13.419014, "destination": "Berlin", "stars": 3},
{"hotel_name": "Holiday Inn Express - Berlin - Alexanderplatz  an IHG Hotel ", "num_rooms": 186, "hotel_id": "2154311", "latitude": 52.516, "longitude": 13.411581, "destination": "Berlin", "stars": 3},
{"hotel_name": "Motel One Berlin-Upper West ", "num_rooms": null, "hotel_id": "2135464", "latitude": 52.50515, "longitude": 13.333299, "destination": "Berlin", "stars": 3},
{"hotel_name": "Mercure Berlin Wittenbergplatz ", "num_rooms": 183, "hotel_id": "1939567", "latitude": 52.50103, "longitude": 13.342554, "destination": "Berlin", "stars": 4},
{"hotel_name": "COSMO Hotel Berlin Mitte ", "num_rooms": 84, "hotel_id": "189650", "latitude": 52.51155, "longitude": 13.401458, "destination": "Berlin", "stars": 4},
{"hotel_name": "Residhome Paris Gare de Lyon - Jacqueline de Romilly", "num_rooms": null, "hotel_id": "2328851", "latitude": 48.84191, "longitude": 2.384095, "destination": "Paris", "stars": 3},
{"hotel_name": "Oceania Paris Porte De Versailles", "num_rooms": 250, "hotel_id": "230931", "latitude": 48.830357, "longitude": 2.284353, "destination": "Paris", "stars": 4},
{"hotel_name": "ibis Styles Paris 16 Boulogne", "num_rooms": 91, "hotel_id": "2279193", "latitude": 48.83655, "longitude": 2.2535386, "destination": "Paris", "stars": 3},
{"hotel_name": "Hyatt Regency Paris Etoile", "num_rooms": 995, "hotel_id": "224399", "latitude": 48.880665, "longitude": 2.2842684, "destination": "Paris", "stars": 4},
{"hotel_name": "Citadines R\u00e9publique Paris", "num_rooms": 76, "hotel_id": "220018", "latitude": 48.864616, "longitude": 2.3746548, "destination": "Paris", "stars": 3},
{"hotel_name": "Citadines Saint-Germain-des-Pr\u00e9s Paris", "num_rooms": 204, "hotel_id": "220016", "latitude": 48.854927, "longitude": 2.3411553, "destination": "Paris", "stars": 4},
{"hotel_name": "Citadines Maine Montparnasse Paris", "num_rooms": 67, "hotel_id": "220015", "latitude": 48.83922, "longitude": 2.322457, "destination": "Paris", "stars": 3},
{"hotel_name": "Moxy Paris Bastille", "num_rooms": 161, "hotel_id": "219639", "latitude": 48.85753, "longitude": 2.3699396, "destination": "Paris", "stars": 3},
{"hotel_name": "Citadines Didot Montparnasse", "num_rooms": 80, "hotel_id": "218676", "latitude": 48.828094, "longitude": 2.3154376, "destination": "Paris", "stars": 3},
{"hotel_name": "Citadines Bastille Marais Paris", "num_rooms": 138, "hotel_id": "218674", "latitude": 48.85816, "longitude": 2.3709984, "destination": "Paris", "stars": 3},
{"hotel_name": "One Aldwych ", "num_rooms": 105, "hotel_id": "36556", "latitude": 51.51175, "longitude": -0.11910081, "destination": "London", "stars": 5},
{"hotel_name": "Waldorf Astoria Berlin ", "num_rooms": 232, "hotel_id": "355566", "latitude": 52.505627, "longitude": 13.333392, "destination": "Berlin", "stars": 5},
{"hotel_name": "Hotel Indigo Berlin \u2013 Ku\u2019damm  an IHG Hotel ", "num_rooms": 81, "hotel_id": "350803", "latitude": 52.507874, "longitude": 13.328126, "destination": "Berlin", "stars": 4},
{"hotel_name": "ARCOTEL John F Berlin ", "num_rooms": 190, "hotel_id": "27948", "latitude": 52.515297, "longitude": 13.39765, "destination": "Berlin", "stars": 4},
{"hotel_name": "H10 Berlin Ku'damm ", "num_rooms": 199, "hotel_id": "278568", "latitude": 52.502224, "longitude": 13.331529, "destination": "Berlin", "stars": 4},
{"hotel_name": "Eurostars Berlin ", "num_rooms": 221, "hotel_id": "277060", "latitude": 52.52038, "longitude": 13.388287, "destination": "Berlin", "stars": 5},
{"hotel_name": "H4 Hotel Berlin Alexanderplatz ", "num_rooms": 337, "hotel_id": "266842", "latitude": 52.525734, "longitude": 13.413561, "destination": "Berlin", "stars": 4},
{"hotel_name": "Lulu Guldsmeden ", "num_rooms": 81, "hotel_id": "2572215", "latitude": 52.503407, "longitude": 13.366358, "destination": "Berlin", "stars": 4},
{"hotel_name": "Hampton by Hilton Berlin City West ", "num_rooms": 214, "hotel_id": "255305", "latitude": 52.50496, "longitude": 13.325762, "destination": "Berlin", "stars": 3},
{"hotel_name": "Leonardo Royal Hotel Berlin Alexanderplatz ", "num_rooms": 346, "hotel_id": "25418", "latitude": 52.527416, "longitude": 13.423329, "destination": "Berlin", "stars": 4},
{"hotel_name": "PLUS Berlin Hostel und Hotel ", "num_rooms": 240, "hotel_id": "253908", "latitude": 52.503475, "longitude": 13.448623, "destination": "Berlin", "stars": 3},
{"hotel_name": "Novotel Suites Paris Issy Les Moulineaux", "num_rooms": 128, "hotel_id": "335783", "latitude": 48.828934, "longitude": 2.2634625, "destination": "Paris", "stars": 4},
{"hotel_name": "InterContinental Paris Avenue Marceau  an IHG Hotel", "num_rooms": 55, "hotel_id": "28136", "latitude": 48.870617, "longitude": 2.2979612, "destination": "Paris", "stars": 5},
{"hotel_name": "Zenitude Relais & Spa - Paris Charles de Gaulle", "num_rooms": 463, "hotel_id": "280335", "latitude": 49.00047, "longitude": 2.518819, "destination": "Paris", "stars": 4},
{"hotel_name": "Holiday Inn Express - Paris - CDG Airport  an IHG Hotel", "num_rooms": 305, "hotel_id": "2801844", "latitude": 49.009727, "longitude": 2.547618, "destination": "Paris", "stars": 3},
{"hotel_name": "Pullman Paris Montparnasse", "num_rooms": 957, "hotel_id": "279452", "latitude": 48.838367, "longitude": 2.3200302, "destination": "Paris", "stars": 4},
{"hotel_name": "Mercure Paris Bastille Marais", "num_rooms": 52, "hotel_id": "255432", "latitude": 48.8571, "longitude": 2.3807476, "destination": "Paris", "stars": 4},
{"hotel_name": "Best Western Paris CDG Airport", "num_rooms": 244, "hotel_id": "243421", "latitude": 49.005936, "longitude": 2.52133, "destination": "Paris", "stars": 4},
{"hotel_name": "H\u00f4tel Pont Royal", "num_rooms": 75, "hotel_id": "24290", "latitude": 48.856667, "longitude": 2.3278437, "destination": "Paris", "stars": 5},
{"hotel_name": "ibis Paris Bastille Faubourg St Antoine", "num_rooms": 71, "hotel_id": "239025", "latitude": 48.85173, "longitude": 2.3787332, "destination": "Paris", "stars": 3},
{"hotel_name": "citizenM Paris Gare de Lyon", "num_rooms": 338, "hotel_id": "2337735", "latitude": 48.84372, "longitude": 2.3693292, "destination": "Paris", "stars": 4},
{"hotel_name": "Monbijou Hotel ", "num_rooms": 100, "hotel_id": "469115", "latitude": 52.52292, "longitude": 13.399987, "destination": "Berlin", "stars": 3},
{"hotel_name": "SO/Berlin Das Stue ", "num_rooms": 78, "hotel_id": "445795", "latitude": 52.509888, "longitude": 13.346213, "destination": "Berlin", "stars": 5},
{"hotel_name": "Boutique Hotel i31 Berlin Mitte ", "num_rooms": 117, "hotel_id": "445544", "latitude": 52.530952, "longitude": 13.384224, "destination": "Berlin", "stars": 4},
{"hotel_name": "Generator Berlin Mitte ", "num_rooms": 139, "hotel_id": "440769", "latitude": 52.525078, "longitude": 13.391457, "destination": "Berlin", "stars": 3},
{"hotel_name": "Hampton By Hilton Berlin City East Side Gallery ", "num_rooms": 254, "hotel_id": "4131757", "latitude": 52.504944, "longitude": 13.441329, "destination": "Berlin", "stars": 3},
{"hotel_name": "Hotel Indigo Berlin - East Side Gallery  an IHG Hotel ", "num_rooms": 118, "hotel_id": "3934054", "latitude": 52.5042, "longitude": 13.44302, "destination": "Berlin", "stars": 4},
{"hotel_name": "ONE80\u00b0 Hostels Berlin ", "num_rooms": 133, "hotel_id": "384042", "latitude": 52.523212, "longitude": 13.418647, "destination": "Berlin", "stars": 0},
{"hotel_name": "Hotel Indigo Berlin-Alexanderplatz  an IHG Hotel ", "num_rooms": 153, "hotel_id": "380159", "latitude": 52.523968, "longitude": 13.416904, "destination": "Berlin", "stars": 4},
{"hotel_name": "Holiday Inn Berlin-Alexanderplatz  an IHG Hotel ", "num_rooms": 242, "hotel_id": "380138", "latitude": 52.52385, "longitude": 13.41746, "destination": "Berlin", "stars": 4},
{"hotel_name": "Crowne Plaza Berlin - Potsdamer Platz  an IHG Hotel ", "num_rooms": 256, "hotel_id": "371928", "latitude": 52.50161, "longitude": 13.382183, "destination": "Berlin", "stars": 4},
{"hotel_name": "H\u00f4tel Marais Bastille", "num_rooms": 37, "hotel_id": "50408", "latitude": 48.857193, "longitude": 2.3714054, "destination": "Paris", "stars": 3},
{"hotel_name": "K+K H\u00f4tel Cayr\u00e9 Saint Germain des Pr\u00e9s", "num_rooms": 125, "hotel_id": "50364", "latitude": 48.855347, "longitude": 2.32548, "destination": "Paris", "stars": 4},
{"hotel_name": "H\u00f4tel Napoleon Paris", "num_rooms": 102, "hotel_id": "50151", "latitude": 48.87423, "longitude": 2.2980497, "destination": "Paris", "stars": 5},
{"hotel_name": "Le Tourville Eiffel", "num_rooms": 30, "hotel_id": "50027", "latitude": 48.854218, "longitude": 2.3078074, "destination": "Paris", "stars": 4},
{"hotel_name": "Crowne Plaza Paris - Neuilly  an IHG Hotel", "num_rooms": 281, "hotel_id": "435639", "latitude": 48.890316, "longitude": 2.276738, "destination": "Paris", "stars": 4},
{"hotel_name": "Innside by Melia Paris Charles de Gaulle Airport", "num_rooms": 277, "hotel_id": "4216747", "latitude": 49.008957, "longitude": 2.5491278, "destination": "Paris", "stars": 4},
{"hotel_name": "Vice Versa", "num_rooms": 37, "hotel_id": "410200", "latitude": 48.83633, "longitude": 2.2897053, "destination": "Paris", "stars": 4},
{"hotel_name": "Courtyard by Marriott Paris Gare de Lyon", "num_rooms": 249, "hotel_id": "3643749", "latitude": 48.84511, "longitude": 2.37131, "destination": "Paris", "stars": 4},
{"hotel_name": "Courtyard by Marriott Paris Boulogne", "num_rooms": 113, "hotel_id": "361454", "latitude": 48.840233, "longitude": 2.235369, "destination": "Paris", "stars": 4},
{"hotel_name": "Fauchon L'H\u00f4tel Paris", "num_rooms": 54, "hotel_id": "3504659", "latitude": 48.87042, "longitude": 2.323584, "destination": "Paris", "stars": 5},
{"hotel_name": "Steigenberger Hotel Berlin ", "num_rooms": 398, "hotel_id": "60448", "latitude": 52.50253, "longitude": 13.335077, "destination": "Berlin", "stars": 5},
{"hotel_name": "Hotel Palace Berlin ", "num_rooms": 278, "hotel_id": "60414", "latitude": 52.504993, "longitude": 13.33907, "destination": "Berlin", "stars": 5},
{"hotel_name": "Maritim proArte Hotel Berlin ", "num_rooms": 403, "hotel_id": "60374", "latitude": 52.51851, "longitude": 13.388484, "destination": "Berlin", "stars": 4},
{"hotel_name": "art'otel berlin kudamm  part of Radisson Hotel Group ", "num_rooms": 152, "hotel_id": "60366", "latitude": 52.499775, "longitude": 13.322546, "destination": "Berlin", "stars": 4},
{"hotel_name": "Hotel Berlin  Berlin ", "num_rooms": 701, "hotel_id": "60052", "latitude": 52.503937, "longitude": 13.352323, "destination": "Berlin", "stars": 4},
{"hotel_name": "NH Berlin Kurf\u00fcrstendamm ", "num_rooms": 167, "hotel_id": "60030", "latitude": 52.504063, "longitude": 13.323989, "destination": "Berlin", "stars": 4},
{"hotel_name": "Mercure Hotel Berlin Zentrum Superior ", "num_rooms": 78, "hotel_id": "60010", "latitude": 52.49918, "longitude": 13.3476515, "destination": "Berlin", "stars": 3},
{"hotel_name": "The Student Hotel Berlin ", "num_rooms": 475, "hotel_id": "4981412", "latitude": 52.517826, "longitude": 13.418073, "destination": "Berlin", "stars": 4},
{"hotel_name": "St Christopher's Inn Berlin Alexanderplatz ", "num_rooms": 30, "hotel_id": "476634", "latitude": 52.526867, "longitude": 13.410745, "destination": "Berlin", "stars": 0},
{"hotel_name": "H\u00f4tel Gustave", "num_rooms": 32, "hotel_id": "51200", "latitude": 48.850082, "longitude": 2.2890308, "destination": "Paris", "stars": 4},
{"hotel_name": "Hotel Concorde Montparnasse", "num_rooms": 354, "hotel_id": "51148", "latitude": 48.837654, "longitude": 2.3182855, "destination": "Paris", "stars": 4},
{"hotel_name": "Holiday Inn Paris Saint Germain des Pr\u00e9s  an IHG Hotel", "num_rooms": 134, "hotel_id": "51042", "latitude": 48.84698, "longitude": 2.3258855, "destination": "Paris", "stars": 4},
{"hotel_name": "Sheraton Paris Roissy Airport", "num_rooms": 252, "hotel_id": "51013", "latitude": 49.003952, "longitude": 2.57112, "destination": "Paris", "stars": 4},
{"hotel_name": "Timhotel Invalides Eiffel", "num_rooms": 30, "hotel_id": "50924", "latitude": 48.859386, "longitude": 2.310294, "destination": "Paris", "stars": 4},
{"hotel_name": "Hotel Ares Eiffel", "num_rooms": 40, "hotel_id": "50810", "latitude": 48.850407, "longitude": 2.2981758, "destination": "Paris", "stars": 4},
{"hotel_name": "La Manufacture", "num_rooms": 56, "hotel_id": "50692", "latitude": 48.832935, "longitude": 2.3553445, "destination": "Paris", "stars": 3},
{"hotel_name": "Le 7 Eiffel Hotel", "num_rooms": 32, "hotel_id": "50686", "latitude": 48.85842, "longitude": 2.3077352, "destination": "Paris", "stars": 4},
{"hotel_name": "Park Hyatt Paris Vendome", "num_rooms": 153, "hotel_id": "506257", "latitude": 48.86878, "longitude": 2.3305721, "destination": "Paris", "stars": 5},
{"hotel_name": "Mercure Berlin Alexanderplatz ", "num_rooms": 150, "hotel_id": "60300", "latitude": 52.524593, "longitude": 13.420285, "destination": "Berlin", "stars": 3},
{"hotel_name": "Novum Hotel Lichtburg am Kurf\u00fcrstendamm ", "num_rooms": 61, "hotel_id": "60682", "latitude": 52.49701, "longitude": 13.307344, "destination": "Berlin", "stars": 3},
{"hotel_name": "Hotel Bristol Berlin ", "num_rooms": 301, "hotel_id": "60664", "latitude": 52.503117, "longitude": 13.32735, "destination": "Berlin", "stars": 5},
{"hotel_name": "NH Collection Berlin Mitte am Checkpoint Charlie ", "num_rooms": 392, "hotel_id": "60570", "latitude": 52.510403, "longitude": 13.388531, "destination": "Berlin", "stars": 4},
{"hotel_name": "NH Berlin Alexanderplatz ", "num_rooms": 225, "hotel_id": "60569", "latitude": 52.523315, "longitude": 13.437266, "destination": "Berlin", "stars": 4},
{"hotel_name": "Crowne Plaza Berlin City Centre  an IHG Hotel ", "num_rooms": 423, "hotel_id": "60568", "latitude": 52.503864, "longitude": 13.340515, "destination": "Berlin", "stars": 4},
{"hotel_name": "Generator Berlin Prenzlauer Berg ", "num_rooms": 241, "hotel_id": "60544", "latitude": 52.529568, "longitude": 13.455706, "destination": "Berlin", "stars": 1},
{"hotel_name": "Ku'Damm 101 Hotel ", "num_rooms": 170, "hotel_id": "60496", "latitude": 52.498325, "longitude": 13.295997, "destination": "Berlin", "stars": 4},
{"hotel_name": "Savoy Berlin ", "num_rooms": 125, "hotel_id": "60485", "latitude": 52.50623, "longitude": 13.32763, "destination": "Berlin", "stars": 4},
{"hotel_name": "Sheraton Berlin Grand Hotel Esplanade ", "num_rooms": 394, "hotel_id": "60477", "latitude": 52.505703, "longitude": 13.354466, "destination": "Berlin", "stars": 5},
{"hotel_name": "Best Western Montcalm", "num_rooms": 41, "hotel_id": "51108", "latitude": 48.84087, "longitude": 2.2870958, "destination": "Paris", "stars": 3},
{"hotel_name": "Mercure Paris CDG Airport & Convention", "num_rooms": 345, "hotel_id": "53754", "latitude": 49.007423, "longitude": 2.55009, "destination": "Paris", "stars": 4},
{"hotel_name": "Mercure Paris Alesia", "num_rooms": 91, "hotel_id": "53746", "latitude": 48.823658, "longitude": 2.3239517, "destination": "Paris", "stars": 4},
{"hotel_name": "Mercure Paris Boulogne", "num_rooms": 191, "hotel_id": "53712", "latitude": 48.833797, "longitude": 2.256383, "destination": "Paris", "stars": 4},
{"hotel_name": "Sofitel Paris Baltimore Tour Eiffel", "num_rooms": 103, "hotel_id": "53708", "latitude": 48.866367, "longitude": 2.2894182, "destination": "Paris", "stars": 5},
{"hotel_name": "Libertel Austerlitz Jardin des Plantes", "num_rooms": 51, "hotel_id": "53290", "latitude": 48.842316, "longitude": 2.363246, "destination": "Paris", "stars": 3},
{"hotel_name": "The Westin Paris - Vend\u00f4me", "num_rooms": 428, "hotel_id": "53207", "latitude": 48.865692, "longitude": 2.3275285, "destination": "Paris", "stars": 4},
{"hotel_name": "Warwick Paris (Former Warwick Champs-Elysees)", "num_rooms": 149, "hotel_id": "51901", "latitude": 48.872086, "longitude": 2.3033376, "destination": "Paris", "stars": 4},
{"hotel_name": "Derby Alma", "num_rooms": 33, "hotel_id": "51434", "latitude": 48.86039, "longitude": 2.3007452, "destination": "Paris", "stars": 4},
{"hotel_name": "Artim Hotel ", "num_rooms": 50, "hotel_id": "60743", "latitude": 52.499058, "longitude": 13.344783, "destination": "Berlin", "stars": 4},
{"hotel_name": "Hotel Mondial am Kurf\u00fcrstendamm ", "num_rooms": 75, "hotel_id": "62307", "latitude": 52.501717, "longitude": 13.318714, "destination": "Berlin", "stars": 4},
{"hotel_name": "Holiday Inn Express Berlin City Centre  an IHG Hotel ", "num_rooms": 256, "hotel_id": "62059", "latitude": 52.50183, "longitude": 13.385428, "destination": "Berlin", "stars": 3},
{"hotel_name": "InterContinental Berlin  an IHG Hotel ", "num_rooms": 558, "hotel_id": "61901", "latitude": 52.50698, "longitude": 13.345464, "destination": "Berlin", "stars": 5},
{"hotel_name": "The Westin Grand  Berlin ", "num_rooms": 400, "hotel_id": "61623", "latitude": 52.515705, "longitude": 13.38837, "destination": "Berlin", "stars": 5},
{"hotel_name": "Pullman Berlin Schweizerhof ", "num_rooms": 383, "hotel_id": "61410", "latitude": 52.506203, "longitude": 13.344213, "destination": "Berlin", "stars": 5},
{"hotel_name": "Midi Inn City West am Ku'damm ", "num_rooms": 17, "hotel_id": "61400", "latitude": 52.50046, "longitude": 13.315029, "destination": "Berlin", "stars": 3},
{"hotel_name": "Quentin Design Hotel Berlin ", "num_rooms": 60, "hotel_id": "61190", "latitude": 52.49831, "longitude": 13.34827, "destination": "Berlin", "stars": 4},
{"hotel_name": "Lindner Hotel Am Ku'damm - Berlin ", "num_rooms": 146, "hotel_id": "61070", "latitude": 52.503674, "longitude": 13.329581, "destination": "Berlin", "stars": 4},
{"hotel_name": "Novotel Paris Roissy CDG Convention", "num_rooms": 295, "hotel_id": "53710", "latitude": 48.998703, "longitude": 2.5180256, "destination": "Paris", "stars": 4},
{"hotel_name": "Sofitel Le Scribe Paris Opera", "num_rooms": 213, "hotel_id": "54110", "latitude": 48.87063, "longitude": 2.329815, "destination": "Paris", "stars": 5},
{"hotel_name": "Pullman Paris La D\u00e9fense", "num_rooms": 382, "hotel_id": "54100", "latitude": 48.895176, "longitude": 2.2389472, "destination": "Paris", "stars": 5},
{"hotel_name": "Mercure Paris Gare De Lyon TGV", "num_rooms": 315, "hotel_id": "54088", "latitude": 48.844406, "longitude": 2.372723, "destination": "Paris", "stars": 4},
{"hotel_name": "Les Jardins Du Marais", "num_rooms": 263, "hotel_id": "54082", "latitude": 48.86049, "longitude": 2.3679788, "destination": "Paris", "stars": 4},
{"hotel_name": "H\u00f4tel La Comtesse", "num_rooms": 40, "hotel_id": "53978", "latitude": 48.853905, "longitude": 2.3072066, "destination": "Paris", "stars": 4},
{"hotel_name": "Best Western Plus Maison 46", "num_rooms": 30, "hotel_id": "53951", "latitude": 48.845818, "longitude": 2.2984333, "destination": "Paris", "stars": 3},
{"hotel_name": "Novotel Suites Paris CDG Airport Villepinte", "num_rooms": 173, "hotel_id": "53945", "latitude": 48.988777, "longitude": 2.5141418, "destination": "Paris", "stars": 4},
{"hotel_name": "ibis Paris Gare de Lyon Reuilly", "num_rooms": 42, "hotel_id": "53931", "latitude": 48.84938, "longitude": 2.38531, "destination": "Paris", "stars": 3},
{"hotel_name": "Le Burgundy Paris", "num_rooms": 59, "hotel_id": "53774", "latitude": 48.86791, "longitude": 2.3256898, "destination": "Paris", "stars": 5},
{"hotel_name": "Grand H\u00f4tel Du Palais Royal", "num_rooms": 68, "hotel_id": "53767", "latitude": 48.863255, "longitude": 2.3378572, "destination": "Paris", "stars": 5},
{"hotel_name": "Kyriad Hotel XIII Italie Gobelins", "num_rooms": 58, "hotel_id": "53172", "latitude": 48.833794, "longitude": 2.3549674, "destination": "Paris", "stars": 3},
{"hotel_name": "Hilton Berlin ", "num_rooms": 601, "hotel_id": "64175", "latitude": 52.512154, "longitude": 13.392898, "destination": "Berlin", "stars": 5},
{"hotel_name": "Mercure Hotel Chateau Berlin am Kurf\u00fcrstendamm ", "num_rooms": 54, "hotel_id": "63987", "latitude": 52.499554, "longitude": 13.32132, "destination": "Berlin", "stars": 4},
{"hotel_name": "Park Inn by Radisson Berlin Alexanderplatz ", "num_rooms": 1012, "hotel_id": "63847", "latitude": 52.5232, "longitude": 13.412928, "destination": "Berlin", "stars": 4},
{"hotel_name": "Hotel Berlin Central District ", "num_rooms": 505, "hotel_id": "63471", "latitude": 52.507404, "longitude": 13.363618, "destination": "Berlin", "stars": 4},
{"hotel_name": "M\u00f6venpick Hotel Berlin Am Potsdamer Platz ", "num_rooms": 243, "hotel_id": "63315", "latitude": 52.50374, "longitude": 13.380441, "destination": "Berlin", "stars": 4},
{"hotel_name": "Park Plaza Wallstreet Berlin Mitte ", "num_rooms": 167, "hotel_id": "63134", "latitude": 52.511562, "longitude": 13.407761, "destination": "Berlin", "stars": 4},
{"hotel_name": "BB Hotel Berlin ", "num_rooms": 48, "hotel_id": "63047", "latitude": 52.49881, "longitude": 13.346729, "destination": "Berlin", "stars": 0},
{"hotel_name": "Classik Hotel Alexander Plaza ", "num_rooms": 94, "hotel_id": "62723", "latitude": 52.521652, "longitude": 13.404302, "destination": "Berlin", "stars": 4},
{"hotel_name": "Hotel Adlon Kempinski Berlin ", "num_rooms": 385, "hotel_id": "62665", "latitude": 52.51611, "longitude": 13.38006, "destination": "Berlin", "stars": 5},
{"hotel_name": "Novotel Berlin Mitte ", "num_rooms": 238, "hotel_id": "62660", "latitude": 52.513073, "longitude": 13.404871, "destination": "Berlin", "stars": 4},
{"hotel_name": "NH Collection Berlin Mitte Friedrichstrasse ", "num_rooms": 268, "hotel_id": "60759", "latitude": 52.51944, "longitude": 13.388514, "destination": "Berlin", "stars": 4},
{"hotel_name": "Quentin Berlin Hotel am Kurf\u00fcrstendamm ", "num_rooms": 74, "hotel_id": "60766", "latitude": 52.498913, "longitude": 13.309234, "destination": "Berlin", "stars": 4},
{"hotel_name": "ibis Paris Bastille Opera", "num_rooms": 305, "hotel_id": "545445", "latitude": 48.857372, "longitude": 2.37288, "destination": "Paris", "stars": 3},
{"hotel_name": "ibis Paris CDG Airport", "num_rooms": 772, "hotel_id": "545416", "latitude": 49.010788, "longitude": 2.5607157, "destination": "Paris", "stars": 3},
{"hotel_name": "ibis Paris Alesia Montparnasse", "num_rooms": 264, "hotel_id": "545408", "latitude": 48.827503, "longitude": 2.3210363, "destination": "Paris", "stars": 3},
{"hotel_name": "Citadines Bastille Gare de Lyon Paris", "num_rooms": 98, "hotel_id": "54439", "latitude": 48.846237, "longitude": 2.383749, "destination": "Paris", "stars": 3},
{"hotel_name": "MGallery Nest Paris La D\u00e9fense Ex Sofitel", "num_rooms": 151, "hotel_id": "54417", "latitude": 48.888016, "longitude": 2.2472782, "destination": "Paris", "stars": 5},
{"hotel_name": "Hotel Bastille Speria", "num_rooms": 42, "hotel_id": "54375", "latitude": 48.853912, "longitude": 2.3674753, "destination": "Paris", "stars": 3},
{"hotel_name": "Grand H\u00f4tel Des Gobelins", "num_rooms": 45, "hotel_id": "54262", "latitude": 48.837868, "longitude": 2.3557076, "destination": "Paris", "stars": 3},
{"hotel_name": "Bastille De Launay", "num_rooms": 36, "hotel_id": "54248", "latitude": 48.858562, "longitude": 2.3685234, "destination": "Paris", "stars": 3},
{"hotel_name": "Hotel Du Cadran", "num_rooms": 41, "hotel_id": "54157", "latitude": 48.856525, "longitude": 2.3059716, "destination": "Paris", "stars": 4},
{"hotel_name": "Hotel Saint Dominique", "num_rooms": 32, "hotel_id": "54150", "latitude": 48.859825, "longitude": 2.3088078, "destination": "Paris", "stars": 4},
{"hotel_name": "Regent - Berlin ", "num_rooms": 156, "hotel_id": "71446", "latitude": 52.515324, "longitude": 13.390868, "destination": "Berlin", "stars": 5},
{"hotel_name": "Lux 11 Berlin-Mitte ", "num_rooms": 73, "hotel_id": "69606", "latitude": 52.524296, "longitude": 13.409653, "destination": "Berlin", "stars": 4},
{"hotel_name": "Grand Hyatt Berlin ", "num_rooms": 342, "hotel_id": "69290", "latitude": 52.507988, "longitude": 13.372315, "destination": "Berlin", "stars": 5},
{"hotel_name": "Hotel am Steinplatz  Autograph Collection ", "num_rooms": 87, "hotel_id": "690268", "latitude": 52.50818, "longitude": 13.326295, "destination": "Berlin", "stars": 5},
{"hotel_name": "Radisson Blu Hotel  Berlin ", "num_rooms": 427, "hotel_id": "68441", "latitude": 52.519325, "longitude": 13.403033, "destination": "Berlin", "stars": 5},
{"hotel_name": "St Christopher's Inn Berlin Mitte ", "num_rooms": 62, "hotel_id": "66049", "latitude": 52.523678, "longitude": 13.390917, "destination": "Berlin", "stars": 0},
{"hotel_name": "Meli\u00e1 Berlin ", "num_rooms": 364, "hotel_id": "64596", "latitude": 52.521423, "longitude": 13.38822, "destination": "Berlin", "stars": 4},
{"hotel_name": "Rocco Forte Hotel De Rome ", "num_rooms": 146, "hotel_id": "64527", "latitude": 52.515842, "longitude": 13.394076, "destination": "Berlin", "stars": 5},
{"hotel_name": "Victor's Residenz-Hotel Berlin ", "num_rooms": 133, "hotel_id": "64452", "latitude": 52.528805, "longitude": 13.428854, "destination": "Berlin", "stars": 4},
{"hotel_name": "Courtyard by Marriott Paris Porte de Versailles", "num_rooms": 350, "hotel_id": "5679995", "latitude": 48.82972, "longitude": 2.2841318, "destination": "Paris", "stars": 4},
{"hotel_name": "Moxy Paris Charles de Gaulle Airport", "num_rooms": null, "hotel_id": "5585718", "latitude": 49.00731, "longitude": 2.54651, "destination": "Paris", "stars": 3},
{"hotel_name": "Novotel Paris Charles de Gaulle Airport", "num_rooms": 201, "hotel_id": "55477", "latitude": 49.00896, "longitude": 2.5609999, "destination": "Paris", "stars": 4},
{"hotel_name": "Sofitel Paris Le Faubourg", "num_rooms": 147, "hotel_id": "55312", "latitude": 48.867847, "longitude": 2.3211327, "destination": "Paris", "stars": 5},
{"hotel_name": "Hotel Inn Design Paris Place d\u2019Italie (ex Timhotel)", "num_rooms": 70, "hotel_id": "55157", "latitude": 48.831554, "longitude": 2.357435, "destination": "Paris", "stars": 3},
{"hotel_name": "Hilton Paris La D\u00e9fense", "num_rooms": 148, "hotel_id": "54892", "latitude": 48.893036, "longitude": 2.238424, "destination": "Paris", "stars": 4},
{"hotel_name": "Hilton Paris Charles De Gaulle Airport", "num_rooms": 392, "hotel_id": "54886", "latitude": 49.01028, "longitude": 2.5571, "destination": "Paris", "stars": 4},
{"hotel_name": "ibis Paris Place d\u2019Italie 13\u00e8me", "num_rooms": 58, "hotel_id": "547967", "latitude": 48.832714, "longitude": 2.359099, "destination": "Paris", "stars": 3},
{"hotel_name": "H\u00f4tel du Louvre  in The Unbound Collection by Hyatt", "num_rooms": 177, "hotel_id": "54649", "latitude": 48.863003, "longitude": 2.3356595, "destination": "Paris", "stars": 5},
{"hotel_name": "Tom's Hotel (Gay Hotel) ", "num_rooms": 22, "hotel_id": "68571", "latitude": 52.49804, "longitude": 13.349405, "destination": "Berlin", "stars": 3},
{"hotel_name": "Dorint Kurf\u00fcrstendamm Berlin ", "num_rooms": 311, "hotel_id": "98095", "latitude": 52.5027, "longitude": 13.331952, "destination": "Berlin", "stars": 5},
{"hotel_name": "25hours Hotel Bikini Berlin ", "num_rooms": 149, "hotel_id": "867269", "latitude": 52.50552, "longitude": 13.337981, "destination": "Berlin", "stars": 4},
{"hotel_name": "Three Little Pigs Hostel - Your Berlin Castle ", "num_rooms": 60, "hotel_id": "77841", "latitude": 52.502926, "longitude": 13.384567, "destination": "Berlin", "stars": 1},
{"hotel_name": "The Ritz-Carlton  Berlin ", "num_rooms": 303, "hotel_id": "73957", "latitude": 52.510105, "longitude": 13.375449, "destination": "Berlin", "stars": 5},
{"hotel_name": "Courtyard by Marriott Berlin City Center ", "num_rooms": 267, "hotel_id": "73954", "latitude": 52.509712, "longitude": 13.399852, "destination": "Berlin", "stars": 4},
{"hotel_name": "Vienna House Andel's Berlin ", "num_rooms": 557, "hotel_id": "73876", "latitude": 52.52856, "longitude": 13.457365, "destination": "Berlin", "stars": 4},
{"hotel_name": "H\u00f4tel Le Walt", "num_rooms": 25, "hotel_id": "58078", "latitude": 48.85475, "longitude": 2.3065188, "destination": "Paris", "stars": 4},
{"hotel_name": "Le Marquis Eiffel", "num_rooms": 36, "hotel_id": "58074", "latitude": 48.851658, "longitude": 2.2978485, "destination": "Paris", "stars": 4},
{"hotel_name": "Europe Hotel Paris Eiffel", "num_rooms": 37, "hotel_id": "57869", "latitude": 48.849567, "longitude": 2.296966, "destination": "Paris", "stars": 3},
{"hotel_name": "Aparthotel Adagio Paris Montrouge", "num_rooms": 133, "hotel_id": "57656", "latitude": 48.819992, "longitude": 2.3112113, "destination": "Paris", "stars": 4},
{"hotel_name": "Novotel Paris Pont De Sevres", "num_rooms": 131, "hotel_id": "57305", "latitude": 48.826817, "longitude": 2.221195, "destination": "Paris", "stars": 4},
{"hotel_name": "Mercure Paris Porte De Versailles Expo", "num_rooms": 388, "hotel_id": "57244", "latitude": 48.82702, "longitude": 2.2912958, "destination": "Paris", "stars": 4},
{"hotel_name": "Mercure Paris Gobelins Place d'Italie", "num_rooms": 60, "hotel_id": "57070", "latitude": 48.832073, "longitude": 2.3536854, "destination": "Paris", "stars": 4},
{"hotel_name": "Ibis Paris Tour Eiffel Cambronne 15\u00e8me", "num_rooms": 527, "hotel_id": "569933", "latitude": 48.847004, "longitude": 2.301413, "destination": "Paris", "stars": 3},
{"hotel_name": "ibis Paris Brancion Parc des Expositions 15\u00e8me", "num_rooms": 71, "hotel_id": "547981", "latitude": 48.830322, "longitude": 2.301954, "destination": "Paris", "stars": 3},
{"hotel_name": "Holiday Inn Berlin City East Side  an IHG Hotel ", "num_rooms": 217, "hotel_id": "866490", "latitude": 52.50494, "longitude": 13.444759, "destination": "Berlin", "stars": 4},
{"hotel_name": "H\u00f4tel Lancaster Paris Champs-Elys\u00e9es", "num_rooms": 56, "hotel_id": "57540", "latitude": 48.872234, "longitude": 2.3035257, "destination": "Paris", "stars": 5},
{"hotel_name": "H\u00f4tel Bel Ami", "num_rooms": 108, "hotel_id": "57536", "latitude": 48.85486, "longitude": 2.3330605, "destination": "Paris", "stars": 5},
{"hotel_name": "Hyatt House Paris Charles de Gaulle Airport", "num_rooms": 121, "hotel_id": "6654809", "latitude": 48.98617, "longitude": 2.5104854, "destination": "Paris", "stars": 4},
{"hotel_name": "Renaissance Paris Vendome Hotel", "num_rooms": 97, "hotel_id": "59958", "latitude": 48.865437, "longitude": 2.329497, "destination": "Paris", "stars": 5},
{"hotel_name": "Paris Marriott Charles de Gaulle Airport Hotel", "num_rooms": 300, "hotel_id": "59935", "latitude": 49.003445, "longitude": 2.521223, "destination": "Paris", "stars": 4},
{"hotel_name": "Paris Marriott Champs Elysees Hotel", "num_rooms": 192, "hotel_id": "59912", "latitude": 48.871128, "longitude": 2.3050368, "destination": "Paris", "stars": 5},
{"hotel_name": "Renaissance Paris La Defense Hotel", "num_rooms": 330, "hotel_id": "59880", "latitude": 48.892563, "longitude": 2.2328458, "destination": "Paris", "stars": 4},
{"hotel_name": "Radisson Blu Paris-Boulogne", "num_rooms": 170, "hotel_id": "58408", "latitude": 48.836266, "longitude": 2.252766, "destination": "Paris", "stars": 4},
{"hotel_name": "Hyatt Paris Madeleine", "num_rooms": 85, "hotel_id": "58103", "latitude": 48.872902, "longitude": 2.3217094, "destination": "Paris", "stars": 5},
{"hotel_name": "Berlin Marriott Hotel ", "num_rooms": 379, "hotel_id": "73953", "latitude": 52.51089, "longitude": 13.3759775, "destination": "Berlin", "stars": 5},
{"hotel_name": "Hyatt Place Paris Charles de Gaulle Airport", "num_rooms": 309, "hotel_id": "6654814", "latitude": 48.98617, "longitude": 2.5104854, "destination": "Paris", "stars": 4},
{"hotel_name": "Hotel & Spa La Belle Juliette", "num_rooms": 34, "hotel_id": "58529", "latitude": 48.847576, "longitude": 2.3224156, "destination": "Paris", "stars": 4},
{"hotel_name": "H\u00f4tel Vernet Champs Elys\u00e9es Paris", "num_rooms": 50, "hotel_id": "78626", "latitude": 48.872013, "longitude": 2.2979572, "destination": "Paris", "stars": 5},
{"hotel_name": "Holiday Inn Paris CDG Airport an IHG Hotel", "num_rooms": 250, "hotel_id": "7519482", "latitude": 49.008514, "longitude": 2.5145087, "destination": "Paris", "stars": 4},
{"hotel_name": "Hotel Villa Saxe Eiffel", "num_rooms": 47, "hotel_id": "742107", "latitude": 48.84972, "longitude": 2.3097482, "destination": "Paris", "stars": 4},
{"hotel_name": "Radisson Blu Champs-Elys\u00e9es  Paris", "num_rooms": 46, "hotel_id": "58514", "latitude": 48.87197, "longitude": 2.296867, "destination": "Paris", "stars": 5},
{"hotel_name": "Molitor Paris - MGallery", "num_rooms": 124, "hotel_id": "909312", "latitude": 48.84528, "longitude": 2.2554643, "destination": "Paris", "stars": 5}
]